Date,Euro 10Y Government Bonds Yield
11/7/22,2.343
11/4/22,2.295
11/3/22,2.245
11/2/22,2.141
11/1/22,2.131
10/31/22,2.142
10/28/22,2.103
10/27/22,1.962
10/26/22,2.111
10/25/22,2.17
10/24/22,2.33
10/21/22,2.417
10/20/22,2.404
10/19/22,2.376
10/18/22,2.285
10/17/22,2.269
10/14/22,2.346
10/13/22,2.287
10/12/22,2.314
10/11/22,2.298
10/10/22,2.342
10/7/22,2.194
10/6/22,2.085
10/5/22,2.034
10/4/22,1.871
10/3/22,1.917
9/30/22,2.108
9/29/22,2.181
9/28/22,2.12
9/27/22,2.231
9/26/22,2.115
9/23/22,2.024
9/22/22,1.965
9/21/22,1.893
9/20/22,1.926
9/19/22,1.805
9/16/22,1.756
9/15/22,1.77
9/14/22,1.716
9/13/22,1.73
9/12/22,1.653
9/9/22,1.698
9/8/22,1.717
9/7/22,1.577
9/6/22,1.638
9/5/22,1.563
9/2/22,1.525
9/1/22,1.561
8/31/22,1.541
8/30/22,1.511
8/29/22,1.504
8/26/22,1.39
8/25/22,1.317
8/24/22,1.37
8/23/22,1.319
8/22/22,1.306
8/19/22,1.23
8/18/22,1.102
8/17/22,1.083
8/16/22,0.971
8/15/22,0.9
8/12/22,0.987
8/11/22,0.971
8/10/22,0.888
8/9/22,0.921
8/8/22,0.899
8/5/22,0.955
8/4/22,0.803
8/3/22,0.874
8/2/22,0.82
8/1/22,0.779
7/29/22,0.817
7/28/22,0.826
7/27/22,0.946
7/26/22,0.925
7/25/22,1.018
7/22/22,1.031
7/21/22,1.223
7/20/22,1.257
7/19/22,1.277
7/18/22,1.215
7/15/22,1.133
7/14/22,1.178
7/13/22,1.145
7/12/22,1.132
7/11/22,1.246
7/8/22,1.345
7/7/22,1.318
7/6/22,1.206
7/5/22,1.179
7/4/22,1.333
7/1/22,1.232
6/30/22,1.336
6/29/22,1.519
6/28/22,1.628
6/27/22,1.547
6/24/22,1.442
6/23/22,1.428
6/22/22,1.638
6/21/22,1.771
6/20/22,1.749
6/17/22,1.661
6/16/22,1.714
6/15/22,1.644
6/14/22,1.758
6/13/22,1.632
6/10/22,1.516
6/9/22,1.43
6/8/22,1.354
6/7/22,1.293
6/6/22,1.322
6/3/22,1.273
6/2/22,1.237
6/1/22,1.187
5/31/22,1.122
5/30/22,1.055
5/27/22,0.963
5/26/22,0.998
5/25/22,0.952
5/24/22,0.967
5/23/22,1.017
5/20/22,0.944
5/19/22,0.949
5/18/22,1.03
5/17/22,1.046
5/16/22,0.937
5/13/22,0.948
5/12/22,0.84
5/11/22,0.986
5/10/22,1
5/9/22,1.095
5/6/22,1.132
5/5/22,1.044
5/4/22,0.971
5/3/22,0.965
5/2/22,0.968
4/29/22,0.938
4/28/22,0.9
4/27/22,0.801
4/26/22,0.815
4/25/22,0.837
4/22/22,0.972
4/21/22,0.948
4/20/22,0.857
4/19/22,0.91
4/18/22,0.842
4/15/22,0.842
4/14/22,0.842
4/13/22,0.766
4/12/22,0.79
4/11/22,0.816
4/8/22,0.707
4/7/22,0.681
4/6/22,0.647
4/5/22,0.614
4/4/22,0.506
4/1/22,0.555
3/31/22,0.548
3/30/22,0.646
3/29/22,0.633
3/28/22,0.578
3/25/22,0.587
3/24/22,0.532
3/23/22,0.466
3/22/22,0.505
3/21/22,0.47
3/18/22,0.373
3/17/22,0.385
3/16/22,0.392
3/15/22,0.332
3/14/22,0.368
3/11/22,0.249
3/10/22,0.274
3/9/22,0.216
3/8/22,0.112
3/7/22,-0.015
3/4/22,-0.069
3/3/22,0.02
3/2/22,0.027
3/1/22,-0.072
2/28/22,0.135
2/25/22,0.231
2/24/22,0.172
2/23/22,0.228
2/22/22,0.243
2/21/22,0.206
2/18/22,0.192
2/17/22,0.231
2/16/22,0.276
2/15/22,0.308
2/14/22,0.283
2/11/22,0.297
2/10/22,0.284
2/9/22,0.212
2/8/22,0.265
2/7/22,0.228
2/4/22,0.205
2/3/22,0.143
2/2/22,0.04
2/1/22,0.037
1/31/22,0.011
1/28/22,-0.045
1/27/22,-0.059
1/26/22,-0.074
1/25/22,-0.08
1/24/22,-0.107
1/21/22,-0.065
1/20/22,-0.024
1/19/22,-0.012
1/18/22,-0.018
1/17/22,-0.025
1/14/22,-0.046
1/13/22,-0.09
1/12/22,-0.059
1/11/22,-0.027
1/10/22,-0.034
1/7/22,-0.043
1/6/22,-0.061
1/5/22,-0.084
1/4/22,-0.122
1/3/22,-0.118
12/31/21,-0.177
12/30/21,-0.177
12/29/21,-0.184
12/28/21,-0.236
12/27/21,-0.243
12/24/21,-0.25
12/23/21,-0.249
12/22/21,-0.293
12/21/21,-0.306
12/20/21,-0.366
12/17/21,-0.378
12/16/21,-0.348
12/15/21,-0.36
12/14/21,-0.369
12/13/21,-0.382
12/10/21,-0.346
12/9/21,-0.353
12/8/21,-0.313
12/7/21,-0.375
12/6/21,-0.388
12/3/21,-0.388
12/2/21,-0.369
12/1/21,-0.343
11/30/21,-0.349
11/29/21,-0.317
11/26/21,-0.335
11/25/21,-0.251
11/24/21,-0.228
11/23/21,-0.22
11/22/21,-0.301
11/19/21,-0.342
11/18/21,-0.275
11/17/21,-0.246
11/16/21,-0.242
11/15/21,-0.229
11/12/21,-0.259
11/11/21,-0.231
11/10/21,-0.247
11/9/21,-0.298
11/8/21,-0.243
11/5/21,-0.28
11/4/21,-0.224
11/3/21,-0.168
11/2/21,-0.165
11/1/21,-0.102
10/29/21,-0.106
10/28/21,-0.136
10/27/21,-0.178
10/26/21,-0.117
10/25/21,-0.114
10/22/21,-0.105
10/21/21,-0.102
10/20/21,-0.126
10/19/21,-0.106
10/18/21,-0.148
10/15/21,-0.167
10/14/21,-0.191
10/13/21,-0.127
10/12/21,-0.086
10/11/21,-0.121
10/8/21,-0.151
10/7/21,-0.185
10/6/21,-0.182
10/5/21,-0.188
10/4/21,-0.214
10/1/21,-0.224
9/30/21,-0.199
9/29/21,-0.213
9/28/21,-0.199
9/27/21,-0.223
9/24/21,-0.228
9/23/21,-0.258
9/22/21,-0.324
9/21/21,-0.317
9/20/21,-0.32
9/17/21,-0.28
9/16/21,-0.302
9/15/21,-0.306
9/14/21,-0.34
9/13/21,-0.331
9/10/21,-0.33
9/9/21,-0.361
9/8/21,-0.323
9/7/21,-0.322
9/6/21,-0.367
9/3/21,-0.361
9/2/21,-0.385
9/1/21,-0.373
8/31/21,-0.383
8/30/21,-0.439
8/27/21,-0.423
8/26/21,-0.407
8/25/21,-0.422
8/24/21,-0.478
8/23/21,-0.481
8/20/21,-0.495
8/19/21,-0.489
8/18/21,-0.482
8/17/21,-0.471
8/16/21,-0.469
8/13/21,-0.467
8/12/21,-0.46
8/11/21,-0.464
8/10/21,-0.457
8/9/21,-0.46
8/6/21,-0.456
8/5/21,-0.498
8/4/21,-0.501
8/3/21,-0.482
8/2/21,-0.487
7/30/21,-0.461
7/29/21,-0.45
7/28/21,-0.45
7/27/21,-0.441
7/26/21,-0.418
7/23/21,-0.42
7/22/21,-0.426
7/21/21,-0.395
7/20/21,-0.41
7/19/21,-0.386
7/16/21,-0.353
7/15/21,-0.334
7/14/21,-0.319
7/13/21,-0.294
7/12/21,-0.295
7/9/21,-0.293
7/8/21,-0.307
7/7/21,-0.298
7/6/21,-0.268
7/5/21,-0.21
7/2/21,-0.235
7/1/21,-0.201
6/30/21,-0.207
6/29/21,-0.17
6/28/21,-0.19
6/25/21,-0.155
6/24/21,-0.188
6/23/21,-0.178
6/22/21,-0.164
6/21/21,-0.171
6/18/21,-0.2
6/17/21,-0.195
6/16/21,-0.25
6/15/21,-0.232
6/14/21,-0.251
6/11/21,-0.274
6/10/21,-0.256
6/9/21,-0.244
6/8/21,-0.224
6/7/21,-0.198
6/4/21,-0.213
6/3/21,-0.183
6/2/21,-0.198
6/1/21,-0.178
5/31/21,-0.187
5/28/21,-0.183
5/27/21,-0.172
5/26/21,-0.206
5/25/21,-0.167
5/24/21,-0.14
5/21/21,-0.13
5/20/21,-0.109
5/19/21,-0.11
5/18/21,-0.103
5/17/21,-0.115
5/14/21,-0.129
5/13/21,-0.12
5/12/21,-0.123
5/11/21,-0.161
5/10/21,-0.212
5/7/21,-0.215
5/6/21,-0.225
5/5/21,-0.228
5/4/21,-0.238
5/3/21,-0.204
4/30/21,-0.202
4/29/21,-0.193
4/28/21,-0.231
4/27/21,-0.249
4/26/21,-0.253
4/23/21,-0.257
4/22/21,-0.252
4/21/21,-0.262
4/20/21,-0.262
4/19/21,-0.235
4/16/21,-0.262
4/15/21,-0.29
4/14/21,-0.258
4/13/21,-0.292
4/12/21,-0.293
4/9/21,-0.303
4/8/21,-0.336
4/7/21,-0.324
4/6/21,-0.316
4/5/21,-0.328
4/2/21,-0.328
4/1/21,-0.328
3/31/21,-0.292
3/30/21,-0.286
3/29/21,-0.318
3/26/21,-0.346
3/25/21,-0.384
3/24/21,-0.353
3/23/21,-0.341
3/22/21,-0.311
3/19/21,-0.294
3/18/21,-0.264
3/17/21,-0.291
3/16/21,-0.336
3/15/21,-0.334
3/12/21,-0.306
3/11/21,-0.334
3/10/21,-0.313
3/9/21,-0.301
3/8/21,-0.277
3/5/21,-0.302
3/4/21,-0.311
3/3/21,-0.288
3/2/21,-0.352
3/1/21,-0.334
2/26/21,-0.26
2/25/21,-0.232
2/24/21,-0.304
2/23/21,-0.315
2/22/21,-0.339
2/19/21,-0.305
2/18/21,-0.346
2/17/21,-0.368
2/16/21,-0.348
2/15/21,-0.381
2/12/21,-0.428
2/11/21,-0.458
2/10/21,-0.437
2/9/21,-0.446
2/8/21,-0.445
2/5/21,-0.448
2/4/21,-0.454
2/3/21,-0.464
2/2/21,-0.489
2/1/21,-0.516
1/29/21,-0.518
1/28/21,-0.539
1/27/21,-0.546
1/26/21,-0.533
1/25/21,-0.55
1/22/21,-0.512
1/21/21,-0.496
1/20/21,-0.529
1/19/21,-0.526
1/18/21,-0.527
1/15/21,-0.543
1/14/21,-0.55
1/13/21,-0.522
1/12/21,-0.468
1/11/21,-0.496
1/8/21,-0.519
1/7/21,-0.522
1/6/21,-0.52
1/5/21,-0.577
1/4/21,-0.604
1/1/21,-0.569
12/31/20,-0.569
12/30/20,-0.569
12/29/20,-0.571
12/28/20,-0.565
12/25/20,-0.548
12/24/20,-0.548
12/23/20,-0.547
12/22/20,-0.595
12/21/20,-0.58
12/18/20,-0.571
12/17/20,-0.57
12/16/20,-0.567
12/15/20,-0.611
12/14/20,-0.62
12/11/20,-0.636
12/10/20,-0.603
12/9/20,-0.605
12/8/20,-0.607
12/7/20,-0.582
12/4/20,-0.547
12/3/20,-0.556
12/2/20,-0.519
12/1/20,-0.528
11/30/20,-0.571
11/27/20,-0.588
11/26/20,-0.588
11/25/20,-0.568
11/24/20,-0.563
11/23/20,-0.581
11/20/20,-0.583
11/19/20,-0.571
11/18/20,-0.554
11/17/20,-0.563
11/16/20,-0.545
11/13/20,-0.547
11/12/20,-0.536
11/11/20,-0.507
11/10/20,-0.485
11/9/20,-0.509
11/6/20,-0.621
11/5/20,-0.637
11/4/20,-0.638
11/3/20,-0.62
11/2/20,-0.64
10/30/20,-0.627
10/29/20,-0.636
10/28/20,-0.625
10/27/20,-0.615
10/26/20,-0.58
10/23/20,-0.574
10/22/20,-0.566
10/21/20,-0.588
10/20/20,-0.606
10/19/20,-0.628
10/16/20,-0.622
10/15/20,-0.61
10/14/20,-0.581
10/13/20,-0.556
10/12/20,-0.545
10/9/20,-0.527
10/8/20,-0.523
10/7/20,-0.493
10/6/20,-0.507
10/5/20,-0.51
10/2/20,-0.536
10/1/20,-0.536
9/30/20,-0.522
9/29/20,-0.545
9/28/20,-0.528
9/25/20,-0.529
9/24/20,-0.501
9/23/20,-0.505
9/22/20,-0.505
9/21/20,-0.53
9/18/20,-0.485
9/17/20,-0.491
9/16/20,-0.484
9/15/20,-0.479
9/14/20,-0.48
9/11/20,-0.481
9/10/20,-0.433
9/9/20,-0.462
9/8/20,-0.495
9/7/20,-0.463
9/4/20,-0.472
9/3/20,-0.488
9/2/20,-0.473
9/1/20,-0.42
8/31/20,-0.397
8/28/20,-0.409
8/27/20,-0.407
8/26/20,-0.415
8/25/20,-0.431
8/24/20,-0.491
8/21/20,-0.507
8/20/20,-0.496
8/19/20,-0.472
8/18/20,-0.463
8/17/20,-0.451
8/14/20,-0.421
8/13/20,-0.412
8/12/20,-0.447
8/11/20,-0.478
8/10/20,-0.526
8/7/20,-0.509
8/6/20,-0.531
8/5/20,-0.506
8/4/20,-0.553
8/3/20,-0.523
7/31/20,-0.524
7/30/20,-0.542
7/29/20,-0.498
7/28/20,-0.508
7/27/20,-0.491
7/24/20,-0.448
7/23/20,-0.481
7/22/20,-0.49
7/21/20,-0.46
7/20/20,-0.46
7/17/20,-0.447
7/16/20,-0.465
7/15/20,-0.444
7/14/20,-0.447
7/13/20,-0.417
7/10/20,-0.465
7/9/20,-0.463
7/8/20,-0.44
7/7/20,-0.429
7/6/20,-0.431
7/3/20,-0.432
7/2/20,-0.428
7/1/20,-0.395
6/30/20,-0.454
6/29/20,-0.47
6/26/20,-0.482
6/25/20,-0.468
6/24/20,-0.44
6/23/20,-0.408
6/22/20,-0.439
6/19/20,-0.415
6/18/20,-0.407
6/17/20,-0.392
6/16/20,-0.427
6/15/20,-0.446
6/12/20,-0.439
6/11/20,-0.414
6/10/20,-0.331
6/9/20,-0.309
6/8/20,-0.319
6/5/20,-0.277
6/4/20,-0.32
6/3/20,-0.354
6/2/20,-0.415
6/1/20,-0.402
5/29/20,-0.447
5/28/20,-0.419
5/27/20,-0.414
5/26/20,-0.429
5/25/20,-0.494
5/22/20,-0.487
5/21/20,-0.495
5/20/20,-0.468
5/19/20,-0.464
5/18/20,-0.467
5/15/20,-0.531
5/14/20,-0.543
5/13/20,-0.53
5/12/20,-0.505
5/11/20,-0.512
5/8/20,-0.537
5/7/20,-0.545
5/6/20,-0.507
5/5/20,-0.578
5/4/20,-0.563
5/1/20,-0.586
4/30/20,-0.586
4/29/20,-0.495
4/28/20,-0.469
4/27/20,-0.453
4/24/20,-0.473
4/23/20,-0.424
4/22/20,-0.407
4/21/20,-0.477
4/20/20,-0.448
4/17/20,-0.472
4/16/20,-0.474
4/15/20,-0.465
4/14/20,-0.377
4/13/20,-0.347
4/10/20,-0.347
4/9/20,-0.347
4/8/20,-0.306
4/7/20,-0.309
4/6/20,-0.425
4/3/20,-0.441
4/2/20,-0.433
4/1/20,-0.458
3/31/20,-0.471
3/30/20,-0.49
3/27/20,-0.474
3/26/20,-0.361
3/25/20,-0.262
3/24/20,-0.322
3/23/20,-0.375
3/20/20,-0.321
3/19/20,-0.193
3/18/20,-0.235
3/17/20,-0.434
3/16/20,-0.461
3/13/20,-0.544
3/12/20,-0.741
3/11/20,-0.742
3/10/20,-0.79
3/9/20,-0.856
3/6/20,-0.71
3/5/20,-0.686
3/4/20,-0.638
3/3/20,-0.625
3/2/20,-0.624
2/28/20,-0.607
2/27/20,-0.543
2/26/20,-0.505
2/25/20,-0.512
2/24/20,-0.481
2/21/20,-0.431
2/20/20,-0.444
2/19/20,-0.418
2/18/20,-0.407
2/17/20,-0.401
2/14/20,-0.401
2/13/20,-0.386
2/12/20,-0.378
2/11/20,-0.391
2/10/20,-0.411
2/7/20,-0.386
2/6/20,-0.37
2/5/20,-0.359
2/4/20,-0.399
2/3/20,-0.442
1/31/20,-0.434
1/30/20,-0.406
1/29/20,-0.377
1/28/20,-0.341
1/27/20,-0.385
1/24/20,-0.335
1/23/20,-0.308
1/22/20,-0.26
1/21/20,-0.248
1/20/20,-0.218
1/17/20,-0.215
1/16/20,-0.219
1/15/20,-0.2
1/14/20,-0.171
1/13/20,-0.159
1/10/20,-0.199
1/9/20,-0.179
1/8/20,-0.207
1/7/20,-0.285
1/6/20,-0.287
1/3/20,-0.278
1/2/20,-0.223
1/1/20,-0.186
12/30/19,-0.185
12/27/19,-0.256
12/26/19,-0.242
12/25/19,-0.242
12/24/19,-0.242
12/23/19,-0.242
12/20/19,-0.252
12/19/19,-0.235
12/18/19,-0.249
12/17/19,-0.295
12/16/19,-0.277
12/13/19,-0.289
12/12/19,-0.269
12/11/19,-0.321
12/10/19,-0.295
12/9/19,-0.307
12/6/19,-0.286
12/5/19,-0.294
12/4/19,-0.315
12/3/19,-0.348
12/2/19,-0.281
11/29/19,-0.36
11/28/19,-0.361
11/27/19,-0.372
11/26/19,-0.372
11/25/19,-0.349
11/22/19,-0.359
11/21/19,-0.325
11/20/19,-0.347
11/19/19,-0.339
11/18/19,-0.336
11/15/19,-0.334
11/14/19,-0.351
11/13/19,-0.3
11/12/19,-0.252
11/11/19,-0.245
11/8/19,-0.263
11/7/19,-0.233
11/6/19,-0.333
11/5/19,-0.309
11/4/19,-0.351
11/1/19,-0.382
10/31/19,-0.407
10/30/19,-0.354
10/29/19,-0.351
10/28/19,-0.332
10/25/19,-0.362
10/24/19,-0.404
10/23/19,-0.394
10/22/19,-0.368
10/21/19,-0.344
10/18/19,-0.382
10/17/19,-0.408
10/16/19,-0.387
10/15/19,-0.417
10/14/19,-0.457
10/11/19,-0.442
10/10/19,-0.469
10/9/19,-0.548
10/8/19,-0.594
10/7/19,-0.575
10/4/19,-0.586
10/3/19,-0.59
10/2/19,-0.546
10/1/19,-0.564
9/30/19,-0.571
9/27/19,-0.573
9/26/19,-0.582
9/25/19,-0.575
9/24/19,-0.6
9/23/19,-0.581
9/20/19,-0.521
9/19/19,-0.507
9/18/19,-0.51
9/17/19,-0.474
9/16/19,-0.48
9/13/19,-0.449
9/12/19,-0.516
9/11/19,-0.564
9/10/19,-0.547
9/9/19,-0.585
9/6/19,-0.638
9/5/19,-0.594
9/4/19,-0.674
9/3/19,-0.706
9/2/19,-0.702
8/30/19,-0.7
8/29/19,-0.692
8/28/19,-0.714
8/27/19,-0.693
8/26/19,-0.666
8/23/19,-0.675
8/22/19,-0.644
8/21/19,-0.67
8/20/19,-0.69
8/19/19,-0.648
8/16/19,-0.685
8/15/19,-0.713
8/14/19,-0.65
8/13/19,-0.609
8/12/19,-0.592
8/9/19,-0.576
8/8/19,-0.56
8/7/19,-0.581
8/6/19,-0.536
8/5/19,-0.516
8/2/19,-0.495
8/1/19,-0.45
7/31/19,-0.44
7/30/19,-0.399
7/29/19,-0.391
7/26/19,-0.376
7/25/19,-0.363
7/24/19,-0.378
7/23/19,-0.355
7/22/19,-0.346
7/19/19,-0.324
7/18/19,-0.31
7/17/19,-0.29
7/16/19,-0.244
7/15/19,-0.251
7/12/19,-0.21
7/11/19,-0.225
7/10/19,-0.307
7/9/19,-0.354
7/8/19,-0.366
7/5/19,-0.363
7/4/19,-0.399
7/3/19,-0.385
7/2/19,-0.367
7/1/19,-0.357
6/28/19,-0.327
6/27/19,-0.32
6/26/19,-0.303
6/25/19,-0.331
6/24/19,-0.307
6/21/19,-0.285
6/20/19,-0.318
6/19/19,-0.288
6/18/19,-0.32
6/17/19,-0.244
6/14/19,-0.255
6/13/19,-0.241
6/12/19,-0.236
6/11/19,-0.232
6/10/19,-0.219
6/7/19,-0.257
6/6/19,-0.239
6/5/19,-0.226
6/4/19,-0.206
6/3/19,-0.201
5/31/19,-0.202
5/30/19,-0.175
5/29/19,-0.179
5/28/19,-0.161
5/27/19,-0.144
5/24/19,-0.117
5/23/19,-0.12
5/22/19,-0.086
5/21/19,-0.063
5/20/19,-0.087
5/17/19,-0.104
5/16/19,-0.095
5/15/19,-0.098
5/14/19,-0.07
5/13/19,-0.07
5/10/19,-0.045
5/9/19,-0.047
5/8/19,-0.044
5/7/19,-0.038
5/6/19,0.006
5/3/19,0.025
5/2/19,0.03
5/1/19,0.013
4/30/19,0.013
4/29/19,0.003
4/26/19,-0.022
4/25/19,-0.009
4/24/19,-0.012
4/23/19,0.041
4/22/19,0.025
4/19/19,0.025
4/18/19,0.025
4/17/19,0.08
4/16/19,0.066
4/15/19,0.056
4/12/19,0.055
4/11/19,-0.009
4/10/19,-0.026
4/9/19,-0.01
4/8/19,0.007
4/5/19,0.007
4/4/19,-0.006
4/3/19,0.008
4/2/19,-0.049
4/1/19,-0.026
3/29/19,-0.07
3/28/19,-0.069
3/27/19,-0.081
3/26/19,-0.015
3/25/19,-0.028
3/22/19,-0.015
3/21/19,0.041
3/20/19,0.084
3/19/19,0.097
3/18/19,0.083
3/15/19,0.084
3/14/19,0.086
3/13/19,0.065
3/12/19,0.055
3/11/19,0.069
3/8/19,0.069
3/7/19,0.067
3/6/19,0.128
3/5/19,0.168
3/4/19,0.158
3/1/19,0.183
2/28/19,0.183
2/27/19,0.148
2/26/19,0.118
2/25/19,0.108
2/22/19,0.096
2/21/19,0.127
2/20/19,0.1
2/19/19,0.105
2/18/19,0.11
2/15/19,0.101
2/14/19,0.103
2/13/19,0.123
2/12/19,0.132
2/11/19,0.12
2/8/19,0.087
2/7/19,0.115
2/6/19,0.162
2/5/19,0.17
2/4/19,0.177
2/1/19,0.166
1/31/19,0.149
1/30/19,0.188
1/29/19,0.2
1/28/19,0.205
1/25/19,0.193
1/24/19,0.18
1/23/19,0.225
1/22/19,0.236
1/21/19,0.255
1/18/19,0.262
1/17/19,0.243
1/16/19,0.224
1/15/19,0.206
1/14/19,0.178
1/11/19,0.183
1/10/19,0.197
1/9/19,0.219
1/8/19,0.226
1/7/19,0.221
1/4/19,0.208
1/3/19,0.153
1/2/19,0.165
1/1/19,0.242
12/31/18,0.242
12/28/18,0.242
12/27/18,0.231
12/26/18,0.25
12/25/18,0.25
12/24/18,0.25
12/21/18,0.25
12/20/18,0.228
12/19/18,0.239
12/18/18,0.244
12/17/18,0.256
12/14/18,0.252
12/13/18,0.285
12/12/18,0.279
12/11/18,0.232
12/10/18,0.246
12/7/18,0.249
12/6/18,0.236
12/5/18,0.277
12/4/18,0.263
12/3/18,0.306
11/30/18,0.313
11/29/18,0.321
11/28/18,0.349
11/27/18,0.35
11/26/18,0.361
11/23/18,0.34
11/22/18,0.37
11/21/18,0.376
11/20/18,0.35
11/19/18,0.373
11/16/18,0.367
11/15/18,0.36
11/14/18,0.398
11/13/18,0.409
11/12/18,0.398
11/9/18,0.407
11/8/18,0.457
11/7/18,0.447
11/6/18,0.434
11/5/18,0.426
11/2/18,0.428
11/1/18,0.399
10/31/18,0.385
10/30/18,0.369
10/29/18,0.377
10/26/18,0.352
10/25/18,0.398
10/24/18,0.396
10/23/18,0.409
10/22/18,0.448
10/19/18,0.46
10/18/18,0.416
10/17/18,0.461
10/16/18,0.491
10/15/18,0.503
10/12/18,0.498
10/11/18,0.518
10/10/18,0.552
10/9/18,0.549
10/8/18,0.529
10/5/18,0.573
10/4/18,0.531
10/3/18,0.475
10/2/18,0.422
10/1/18,0.471
9/28/18,0.47
9/27/18,0.529
9/26/18,0.526
9/25/18,0.543
9/24/18,0.51
9/21/18,0.462
9/20/18,0.471
9/19/18,0.487
9/18/18,0.48
9/17/18,0.458
9/14/18,0.45
9/13/18,0.423
9/12/18,0.411
9/11/18,0.43
9/10/18,0.401
9/7/18,0.387
9/6/18,0.355
9/5/18,0.38
9/4/18,0.357
9/3/18,0.333
8/31/18,0.326
8/30/18,0.346
8/29/18,0.404
8/28/18,0.38
8/27/18,0.376
8/24/18,0.345
8/23/18,0.339
8/22/18,0.344
8/21/18,0.331
8/20/18,0.302
8/17/18,0.305
8/16/18,0.32
8/15/18,0.304
8/14/18,0.327
8/13/18,0.311
8/10/18,0.317
8/9/18,0.375
8/8/18,0.398
8/7/18,0.409
8/6/18,0.389
8/3/18,0.408
8/2/18,0.46
8/1/18,0.478
7/31/18,0.443
7/30/18,0.446
7/27/18,0.403
7/26/18,0.404
7/25/18,0.396
7/24/18,0.397
7/23/18,0.406
7/20/18,0.37
7/19/18,0.33
7/18/18,0.342
7/17/18,0.346
7/16/18,0.363
7/13/18,0.34
7/12/18,0.357
7/11/18,0.367
7/10/18,0.32
7/9/18,0.3
7/6/18,0.292
7/5/18,0.299
7/4/18,0.305
7/3/18,0.294
7/2/18,0.304
6/29/18,0.302
6/28/18,0.319
6/27/18,0.321
6/26/18,0.34
6/25/18,0.327
6/22/18,0.337
6/21/18,0.335
6/20/18,0.377
6/19/18,0.373
6/18/18,0.398
6/15/18,0.403
6/14/18,0.426
6/13/18,0.482
6/12/18,0.491
6/11/18,0.493
6/8/18,0.449
6/7/18,0.484
6/6/18,0.465
6/5/18,0.369
6/4/18,0.418
6/1/18,0.386
5/31/18,0.341
5/30/18,0.372
5/29/18,0.26
5/28/18,0.344
5/25/18,0.406
5/24/18,0.472
5/23/18,0.507
5/22/18,0.56
5/21/18,0.523
5/18/18,0.579
5/17/18,0.64
5/16/18,0.606
5/15/18,0.645
5/14/18,0.611
5/11/18,0.559
5/10/18,0.557
5/9/18,0.559
5/8/18,0.561
5/7/18,0.532
5/4/18,0.544
5/3/18,0.532
5/2/18,0.581
5/1/18,0.559
4/30/18,0.559
4/27/18,0.571
4/26/18,0.593
4/25/18,0.634
4/24/18,0.631
4/23/18,0.636
4/20/18,0.59
4/19/18,0.6
4/18/18,0.531
4/17/18,0.507
4/16/18,0.525
4/13/18,0.511
4/12/18,0.515
4/11/18,0.499
4/10/18,0.516
4/9/18,0.504
4/6/18,0.497
4/5/18,0.524
4/4/18,0.5
4/3/18,0.501
4/2/18,0.497
3/30/18,0.497
3/29/18,0.497
3/28/18,0.503
3/27/18,0.504
3/26/18,0.524
3/23/18,0.527
3/22/18,0.529
3/21/18,0.592
3/20/18,0.585
3/19/18,0.569
3/16/18,0.571
3/15/18,0.576
3/14/18,0.593
3/13/18,0.619
3/12/18,0.632
3/9/18,0.648
3/8/18,0.628
3/7/18,0.655
3/6/18,0.675
3/5/18,0.643
3/2/18,0.651
3/1/18,0.644
2/28/18,0.656
2/27/18,0.679
2/26/18,0.652
2/23/18,0.653
2/22/18,0.706
2/21/18,0.721
2/20/18,0.735
2/19/18,0.735
2/16/18,0.706
2/15/18,0.764
2/14/18,0.757
2/13/18,0.75
2/12/18,0.757
2/9/18,0.745
2/8/18,0.762
2/7/18,0.745
2/6/18,0.692
2/5/18,0.736
2/2/18,0.767
2/1/18,0.721
1/31/18,0.697
1/30/18,0.683
1/29/18,0.694
1/26/18,0.629
1/25/18,0.612
1/24/18,0.588
1/23/18,0.561
1/22/18,0.567
1/19/18,0.568
1/18/18,0.573
1/17/18,0.562
1/16/18,0.562
1/15/18,0.587
1/12/18,0.581
1/11/18,0.581
1/10/18,0.543
1/9/18,0.466
1/8/18,0.431
1/5/18,0.439
1/4/18,0.434
1/3/18,0.442
1/2/18,0.467
1/1/18,0.427
12/29/17,0.427
12/28/17,0.424
12/27/17,0.385
12/26/17,0.42
12/25/17,0.42
12/22/17,0.42
12/21/17,0.417
12/20/17,0.405
12/19/17,0.379
12/18/17,0.309
12/15/17,0.301
12/14/17,0.316
12/13/17,0.314
12/12/17,0.314
12/11/17,0.293
12/8/17,0.307
12/7/17,0.293
12/6/17,0.295
12/5/17,0.32
12/4/17,0.344
12/1/17,0.305
11/30/17,0.367
11/29/17,0.385
11/28/17,0.339
11/27/17,0.342
11/24/17,0.36
11/23/17,0.347
11/22/17,0.349
11/21/17,0.351
11/20/17,0.363
11/17/17,0.361
11/16/17,0.376
11/15/17,0.376
11/14/17,0.397
11/13/17,0.417
11/10/17,0.41
11/9/17,0.375
11/8/17,0.326
11/7/17,0.327
11/6/17,0.336
11/3/17,0.364
11/2/17,0.372
11/1/17,0.373
10/31/17,0.363
10/30/17,0.367
10/27/17,0.383
10/26/17,0.415
10/25/17,0.482
10/24/17,0.476
10/23/17,0.432
10/20/17,0.452
10/19/17,0.395
10/18/17,0.396
10/17/17,0.365
10/16/17,0.372
10/13/17,0.403
10/12/17,0.445
10/11/17,0.463
10/10/17,0.442
10/9/17,0.444
10/6/17,0.459
10/5/17,0.456
10/4/17,0.453
10/3/17,0.463
10/2/17,0.451
9/29/17,0.464
9/28/17,0.479
9/27/17,0.468
9/26/17,0.408
9/25/17,0.4
9/22/17,0.447
9/21/17,0.455
9/20/17,0.443
9/19/17,0.452
9/18/17,0.455
9/15/17,0.433
9/14/17,0.413
9/13/17,0.401
9/12/17,0.401
9/11/17,0.336
9/8/17,0.312
9/7/17,0.307
9/6/17,0.347
9/5/17,0.338
9/4/17,0.366
9/1/17,0.379
8/31/17,0.361
8/30/17,0.359
8/29/17,0.342
8/28/17,0.376
8/25/17,0.38
8/24/17,0.376
8/23/17,0.377
8/22/17,0.4
8/21/17,0.4
8/18/17,0.414
8/17/17,0.426
8/16/17,0.445
8/15/17,0.433
8/14/17,0.406
8/11/17,0.382
8/10/17,0.415
8/9/17,0.428
8/8/17,0.474
8/7/17,0.459
8/4/17,0.468
8/3/17,0.453
8/2/17,0.486
8/1/17,0.491
7/31/17,0.543
7/28/17,0.542
7/27/17,0.536
7/26/17,0.561
7/25/17,0.566
7/24/17,0.508
7/21/17,0.506
7/20/17,0.53
7/19/17,0.542
7/18/17,0.554
7/17/17,0.581
7/14/17,0.597
7/13/17,0.603
7/12/17,0.579
7/11/17,0.55
7/10/17,0.54
7/7/17,0.573
7/6/17,0.562
7/5/17,0.47
7/4/17,0.475
7/3/17,0.476
6/30/17,0.466
6/29/17,0.452
6/28/17,0.368
6/27/17,0.37
6/26/17,0.245
6/23/17,0.255
6/22/17,0.252
6/21/17,0.265
6/20/17,0.262
6/19/17,0.281
6/16/17,0.276
6/15/17,0.282
6/14/17,0.226
6/13/17,0.266
6/12/17,0.249
6/9/17,0.264
6/8/17,0.256
6/7/17,0.269
6/6/17,0.252
6/5/17,0.287
6/2/17,0.274
6/1/17,0.305
5/31/17,0.304
5/30/17,0.292
5/29/17,0.298
5/26/17,0.331
5/25/17,0.362
5/24/17,0.403
5/23/17,0.41
5/22/17,0.397
5/19/17,0.368
5/18/17,0.343
5/17/17,0.378
5/16/17,0.435
5/15/17,0.42
5/12/17,0.391
5/11/17,0.432
5/10/17,0.422
5/9/17,0.43
5/8/17,0.418
5/5/17,0.418
5/4/17,0.394
5/3/17,0.326
5/2/17,0.328
5/1/17,0.317
4/28/17,0.317
4/27/17,0.296
4/26/17,0.352
4/25/17,0.378
4/24/17,0.329
4/21/17,0.253
4/20/17,0.244
4/19/17,0.203
4/18/17,0.156
4/17/17,0.187
4/14/17,0.187
4/13/17,0.187
4/12/17,0.198
4/11/17,0.204
4/10/17,0.207
4/7/17,0.228
4/6/17,0.263
4/5/17,0.258
4/4/17,0.257
4/3/17,0.277
3/31/17,0.328
3/30/17,0.333
3/29/17,0.344
3/28/17,0.388
3/27/17,0.402
3/24/17,0.403
3/23/17,0.431
3/22/17,0.408
3/21/17,0.459
3/20/17,0.44
3/17/17,0.435
3/16/17,0.448
3/15/17,0.415
3/14/17,0.445
3/13/17,0.471
3/10/17,0.485
3/9/17,0.426
3/8/17,0.37
3/7/17,0.319
3/6/17,0.342
3/3/17,0.356
3/2/17,0.317
3/1/17,0.282
2/28/17,0.208
2/27/17,0.198
2/24/17,0.186
2/23/17,0.233
2/22/17,0.279
2/21/17,0.301
2/20/17,0.296
2/17/17,0.302
2/16/17,0.349
2/15/17,0.373
2/14/17,0.366
2/13/17,0.331
2/10/17,0.32
2/9/17,0.312
2/8/17,0.296
2/7/17,0.35
2/6/17,0.37
2/3/17,0.412
2/2/17,0.427
2/1/17,0.468
1/31/17,0.436
1/30/17,0.449
1/27/17,0.462
1/26/17,0.484
1/25/17,0.464
1/24/17,0.408
1/23/17,0.363
1/20/17,0.421
1/19/17,0.379
1/18/17,0.355
1/17/17,0.321
1/16/17,0.323
1/13/17,0.338
1/12/17,0.316
1/11/17,0.328
1/10/17,0.285
1/9/17,0.278
1/6/17,0.298
1/5/17,0.243
1/4/17,0.276
1/3/17,0.264
1/2/17,0.189
12/30/16,0.208
12/29/16,0.175
12/28/16,0.195
12/27/16,0.207
12/26/16,0.221
12/23/16,0.221
12/22/16,0.26
12/21/16,0.247
12/20/16,0.269
12/19/16,0.247
12/16/16,0.314
12/15/16,0.365
12/14/16,0.301
12/13/16,0.36
12/12/16,0.399
12/9/16,0.365
12/8/16,0.382
12/7/16,0.347
12/6/16,0.373
12/5/16,0.333
12/2/16,0.281
12/1/16,0.369
11/30/16,0.275
11/29/16,0.221
11/28/16,0.205
11/25/16,0.24
11/24/16,0.259
11/23/16,0.262
11/22/16,0.221
11/21/16,0.274
11/18/16,0.272
11/17/16,0.279
11/16/16,0.297
11/15/16,0.308
11/14/16,0.319
11/11/16,0.308
11/10/16,0.274
11/9/16,0.203
11/8/16,0.188
11/7/16,0.154
11/4/16,0.135
11/3/16,0.158
11/2/16,0.131
11/1/16,0.179
10/31/16,0.163
10/28/16,0.167
10/27/16,0.17
10/26/16,0.085
10/25/16,0.03
10/24/16,0.023
10/21/16,0.006
10/20/16,0.003
10/19/16,0.03
10/18/16,0.035
10/17/16,0.055
10/14/16,0.058
10/13/16,0.038
10/12/16,0.067
10/11/16,0.025
10/10/16,0.056
10/7/16,0.02
10/6/16,-0.018
10/5/16,-0.005
10/4/16,-0.054
10/3/16,-0.093
9/30/16,-0.119
9/29/16,-0.117
9/28/16,-0.145
9/27/16,-0.139
9/26/16,-0.116
9/23/16,-0.082
9/22/16,-0.096
9/21/16,0.002
9/20/16,-0.018
9/19/16,0.016
9/16/16,0.007
9/15/16,0.032
9/14/16,0.021
9/13/16,0.071
9/12/16,0.038
9/9/16,0.011
9/8/16,-0.062
9/7/16,-0.117
9/6/16,-0.111
9/5/16,-0.048
9/2/16,-0.043
9/1/16,-0.066
8/31/16,-0.065
8/30/16,-0.091
8/29/16,-0.083
8/26/16,-0.072
8/25/16,-0.07
8/24/16,-0.089
8/23/16,-0.095
8/22/16,-0.09
8/19/16,-0.032
8/18/16,-0.082
8/17/16,-0.05
8/16/16,-0.03
8/15/16,-0.074
8/12/16,-0.108
8/11/16,-0.093
8/10/16,-0.109
8/9/16,-0.076
8/8/16,-0.065
8/5/16,-0.067
8/4/16,-0.095
8/3/16,-0.038
8/2/16,-0.036
8/1/16,-0.098
7/29/16,-0.119
7/28/16,-0.09
7/27/16,-0.079
7/26/16,-0.027
7/25/16,-0.041
7/22/16,-0.03
7/21/16,-0.017
7/20/16,-0.011
7/19/16,-0.03
7/18/16,-0.016
7/15/16,0.006
7/14/16,-0.04
7/13/16,-0.062
7/12/16,-0.091
7/11/16,-0.168
7/8/16,-0.189
7/7/16,-0.17
7/6/16,-0.176
7/5/16,-0.185
7/4/16,-0.141
7/1/16,-0.126
6/30/16,-0.13
6/29/16,-0.126
6/28/16,-0.112
6/27/16,-0.116
6/24/16,-0.047
6/23/16,0.093
6/22/16,0.061
6/21/16,0.05
6/20/16,0.051
6/17/16,0.019
6/16/16,-0.024
6/15/16,-0.01
6/14/16,-0.004
6/13/16,0.024
6/10/16,0.02
6/9/16,0.033
6/8/16,0.055
6/7/16,0.05
6/6/16,0.086
6/3/16,0.068
6/2/16,0.114
6/1/16,0.136
5/31/16,0.139
5/30/16,0.167
5/27/16,0.138
5/26/16,0.146
5/25/16,0.152
5/24/16,0.177
5/23/16,0.176
5/20/16,0.165
5/19/16,0.17
5/18/16,0.168
5/17/16,0.132
5/16/16,0.143
5/13/16,0.124
5/12/16,0.154
5/11/16,0.126
5/10/16,0.124
5/9/16,0.126
5/6/16,0.144
5/5/16,0.161
5/4/16,0.204
5/3/16,0.2
5/2/16,0.267
4/29/16,0.271
4/28/16,0.257
4/27/16,0.286
4/26/16,0.299
4/25/16,0.264
4/22/16,0.231
4/21/16,0.239
4/20/16,0.153
4/19/16,0.169
4/18/16,0.161
4/15/16,0.127
4/14/16,0.167
4/13/16,0.128
4/12/16,0.165
4/11/16,0.111
4/8/16,0.095
4/7/16,0.089
4/6/16,0.119
4/5/16,0.098
4/4/16,0.131
4/1/16,0.134
3/31/16,0.153
3/30/16,0.156
3/29/16,0.137
3/28/16,0.18
3/25/16,0.18
3/24/16,0.18
3/23/16,0.194
3/22/16,0.211
3/21/16,0.23
3/18/16,0.212
3/17/16,0.23
3/16/16,0.311
3/15/16,0.316
3/14/16,0.279
3/11/16,0.271
3/10/16,0.306
3/9/16,0.24
3/8/16,0.182
3/7/16,0.224
3/4/16,0.238
3/3/16,0.169
3/2/16,0.206
3/1/16,0.146
2/29/16,0.107
2/26/16,0.147
2/25/16,0.138
2/24/16,0.154
2/23/16,0.183
2/22/16,0.176
2/19/16,0.202
2/18/16,0.218
2/17/16,0.269
2/16/16,0.266
2/15/16,0.237
2/12/16,0.261
2/11/16,0.188
2/10/16,0.242
2/9/16,0.233
2/8/16,0.218
2/5/16,0.296
2/4/16,0.303
2/3/16,0.275
2/2/16,0.307
2/1/16,0.351
1/29/16,0.325
1/28/16,0.404
1/27/16,0.443
1/26/16,0.446
1/25/16,0.471
1/22/16,0.484
1/21/16,0.381
1/20/16,0.411
1/19/16,0.478
1/18/16,0.468
1/15/16,0.472
1/14/16,0.507
1/13/16,0.501
1/12/16,0.533
1/11/16,0.541
1/8/16,0.514
1/7/16,0.539
1/6/16,0.503
1/5/16,0.54
1/4/16,0.566
1/1/16,0.629
12/31/15,0.629
12/30/15,0.629
12/29/15,0.629
12/28/15,0.564
12/25/15,0.641
12/24/15,0.641
12/23/15,0.629
12/22/15,0.602
12/21/15,0.551
12/18/15,0.548
12/17/15,0.599
12/16/15,0.678
12/15/15,0.641
12/14/15,0.574
12/11/15,0.54
12/10/15,0.568
12/9/15,0.6
12/8/15,0.571
12/7/15,0.581
12/4/15,0.678
12/3/15,0.666
12/2/15,0.47
12/1/15,0.468
11/30/15,0.473
11/27/15,0.46
11/26/15,0.47
11/25/15,0.471
11/24/15,0.517
11/23/15,0.53
11/20/15,0.479
11/19/15,0.479
11/18/15,0.506
11/17/15,0.524
11/16/15,0.53
11/13/15,0.558
11/12/15,0.608
11/11/15,0.61
11/10/15,0.621
11/9/15,0.661
11/6/15,0.693
11/5/15,0.607
11/4/15,0.598
11/3/15,0.573
11/2/15,0.557
10/30/15,0.517
10/29/15,0.53
10/28/15,0.438
10/27/15,0.443
10/26/15,0.5
10/23/15,0.512
10/22/15,0.496
10/21/15,0.568
10/20/15,0.626
10/19/15,0.565
10/16/15,0.548
10/15/15,0.55
10/14/15,0.541
10/13/15,0.587
10/12/15,0.578
10/9/15,0.615
10/8/15,0.586
10/7/15,0.593
10/6/15,0.596
10/5/15,0.566
10/2/15,0.51
10/1/15,0.536
9/30/15,0.587
9/29/15,0.583
9/28/15,0.587
9/25/15,0.649
9/24/15,0.603
9/23/15,0.597
9/22/15,0.59
9/21/15,0.684
9/18/15,0.663
9/17/15,0.781
9/16/15,0.774
9/15/15,0.743
9/14/15,0.655
9/11/15,0.653
9/10/15,0.695
9/9/15,0.698
9/8/15,0.676
9/7/15,0.675
9/4/15,0.668
9/3/15,0.724
9/2/15,0.782
9/1/15,0.797
8/31/15,0.798
8/28/15,0.742
8/27/15,0.742
8/26/15,0.704
8/25/15,0.73
8/24/15,0.592
8/21/15,0.564
8/20/15,0.582
8/19/15,0.619
8/18/15,0.642
8/17/15,0.627
8/14/15,0.66
8/13/15,0.63
8/12/15,0.605
8/11/15,0.632
8/10/15,0.698
8/7/15,0.661
8/6/15,0.709
8/5/15,0.754
8/4/15,0.638
8/3/15,0.628
7/31/15,0.644
7/30/15,0.65
7/29/15,0.717
7/28/15,0.689
7/27/15,0.691
7/24/15,0.691
7/23/15,0.742
7/22/15,0.747
7/21/15,0.781
7/20/15,0.762
7/17/15,0.788
7/16/15,0.833
7/15/15,0.828
7/14/15,0.837
7/13/15,0.855
7/10/15,0.898
7/9/15,0.719
7/8/15,0.671
7/7/15,0.643
7/6/15,0.764
7/3/15,0.791
7/2/15,0.845
7/1/15,0.813
6/30/15,0.764
6/29/15,0.796
6/26/15,0.922
6/25/15,0.862
6/24/15,0.844
6/23/15,0.872
6/22/15,0.884
6/19/15,0.752
6/18/15,0.808
6/17/15,0.808
6/16/15,0.798
6/15/15,0.825
6/12/15,0.834
6/11/15,0.884
6/10/15,0.981
6/9/15,0.95
6/8/15,0.879
6/5/15,0.844
6/4/15,0.838
6/3/15,0.882
6/2/15,0.714
6/1/15,0.541
5/29/15,0.487
5/28/15,0.53
5/27/15,0.554
5/26/15,0.547
5/25/15,0.606
5/22/15,0.604
5/21/15,0.64
5/20/15,0.632
5/19/15,0.595
5/18/15,0.649
5/15/15,0.624
5/14/15,0.702
5/13/15,0.724
5/12/15,0.675
5/11/15,0.61
5/8/15,0.547
5/7/15,0.59
5/6/15,0.586
5/5/15,0.516
5/4/15,0.453
5/1/15,0.373
4/30/15,0.366
4/29/15,0.285
4/28/15,0.163
4/27/15,0.162
4/24/15,0.155
4/23/15,0.165
4/22/15,0.165
4/21/15,0.101
4/20/15,0.075
4/17/15,0.078
4/16/15,0.085
4/15/15,0.107
4/14/15,0.138
4/13/15,0.157
4/10/15,0.155
4/9/15,0.16
4/8/15,0.163
4/7/15,0.186
4/6/15,0.194
4/3/15,0.194
4/2/15,0.194
4/1/15,0.167
3/31/15,0.18
3/30/15,0.206
3/27/15,0.207
3/26/15,0.215
3/25/15,0.22
3/24/15,0.235
3/23/15,0.224
3/20/15,0.184
3/19/15,0.187
3/18/15,0.197
3/17/15,0.282
3/16/15,0.279
3/13/15,0.257
3/12/15,0.248
3/11/15,0.209
3/10/15,0.234
3/9/15,0.312
3/6/15,0.393
3/5/15,0.348
3/4/15,0.383
3/3/15,0.362
3/2/15,0.356
2/27/15,0.328
2/26/15,0.298
2/25/15,0.325
2/24/15,0.375
2/23/15,0.365
2/20/15,0.367
2/19/15,0.38
2/18/15,0.381
2/17/15,0.372
2/16/15,0.334
2/13/15,0.342
2/12/15,0.319
2/11/15,0.355
2/10/15,0.37
2/9/15,0.355
2/6/15,0.375
2/5/15,0.366
2/4/15,0.367
2/3/15,0.346
2/2/15,0.313
1/30/15,0.302
1/29/15,0.359
1/28/15,0.353
1/27/15,0.383
1/26/15,0.395
1/23/15,0.362
1/22/15,0.447
1/21/15,0.524
1/20/15,0.449
1/19/15,0.439
1/16/15,0.454
1/15/15,0.415
1/14/15,0.424
1/13/15,0.477
1/12/15,0.478
1/9/15,0.492
1/8/15,0.51
1/7/15,0.484
1/6/15,0.446
1/5/15,0.517
1/2/15,0.498
1/1/15,0.541
12/31/14,0.541
12/30/14,0.54
12/29/14,0.544
12/26/14,0.589
12/25/14,0.589
12/24/14,0.589
12/23/14,0.592
12/22/14,0.601
12/19/14,0.592
12/18/14,0.617
12/17/14,0.592
12/16/14,0.596
12/15/14,0.623
12/12/14,0.624
12/11/14,0.677
12/10/14,0.681
12/9/14,0.685
12/8/14,0.713
12/5/14,0.78
12/4/14,0.773
12/3/14,0.748
12/2/14,0.741
12/1/14,0.728
11/28/14,0.7
11/27/14,0.7
11/26/14,0.735
11/25/14,0.748
11/24/14,0.781
11/21/14,0.77
11/20/14,0.799
11/19/14,0.848
11/18/14,0.797
11/17/14,0.802
11/14/14,0.785
11/13/14,0.799
11/12/14,0.81
11/11/14,0.826
11/10/14,0.834
11/7/14,0.817
11/6/14,0.828
11/5/14,0.827
11/4/14,0.807
11/3/14,0.853
10/31/14,0.841
10/30/14,0.845
10/29/14,0.898
10/28/14,0.877
10/27/14,0.868
10/24/14,0.892
10/23/14,0.902
10/22/14,0.871
10/21/14,0.871
10/20/14,0.849
10/17/14,0.859
10/16/14,0.82
10/15/14,0.756
10/14/14,0.838
10/13/14,0.895
10/10/14,0.887
10/9/14,0.906
10/8/14,0.907
10/7/14,0.906
10/6/14,0.906
10/3/14,0.925
10/2/14,0.902
10/1/14,0.901
9/30/14,0.947
9/29/14,0.964
9/26/14,0.972
9/25/14,0.973
9/24/14,1.004
9/23/14,1.013
9/22/14,1.01
9/19/14,1.043
9/18/14,1.081
9/17/14,1.05
9/16/14,1.061
9/15/14,1.067
9/12/14,1.082
9/11/14,1.041
9/10/14,1.047
9/9/14,0.996
9/8/14,0.953
9/5/14,0.928
9/4/14,0.97
9/3/14,0.955
9/2/14,0.931
9/1/14,0.882
8/29/14,0.89
8/28/14,0.883
8/27/14,0.91
8/26/14,0.939
8/25/14,0.948
8/22/14,0.982
8/21/14,0.993
8/20/14,0.99
8/19/14,1.001
8/18/14,1.014
8/15/14,0.953
8/14/14,1.017
8/13/14,1.027
8/12/14,1.059
8/11/14,1.059
8/8/14,1.053
8/7/14,1.062
8/6/14,1.101
8/5/14,1.167
8/4/14,1.135
8/1/14,1.131
7/31/14,1.155
7/30/14,1.17
7/29/14,1.12
7/28/14,1.148
7/25/14,1.147
7/24/14,1.177
7/23/14,1.146
7/22/14,1.166
7/21/14,1.148
7/18/14,1.155
7/17/14,1.149
7/16/14,1.191
7/15/14,1.204
7/14/14,1.209
7/11/14,1.203
7/10/14,1.198
7/9/14,1.228
7/8/14,1.219
7/7/14,1.256
7/4/14,1.265
7/3/14,1.289
7/2/14,1.287
7/1/14,1.247
6/30/14,1.245
6/27/14,1.262
6/26/14,1.245
6/25/14,1.261
6/24/14,1.32
6/23/14,1.322
6/20/14,1.343
6/19/14,1.321
6/18/14,1.375
6/17/14,1.4
6/16/14,1.354
6/13/14,1.363
6/12/14,1.387
6/11/14,1.397
6/10/14,1.404
6/9/14,1.379
6/6/14,1.353
6/5/14,1.405
6/4/14,1.433
6/3/14,1.408
6/2/14,1.369
5/30/14,1.358
5/29/14,1.354
5/28/14,1.338
5/27/14,1.389
5/26/14,1.417
5/23/14,1.413
5/22/14,1.408
5/21/14,1.424
5/20/14,1.351
5/19/14,1.343
5/16/14,1.33
5/15/14,1.306
5/14/14,1.369
5/13/14,1.421
5/12/14,1.464
5/9/14,1.455
5/8/14,1.446
5/7/14,1.473
5/6/14,1.46
5/5/14,1.458
5/2/14,1.449
5/1/14,1.469
4/30/14,1.469
4/29/14,1.499
4/28/14,1.497
4/25/14,1.484
4/24/14,1.529
4/23/14,1.522
4/22/14,1.534
4/21/14,1.515
4/18/14,1.515
4/17/14,1.515
4/16/14,1.485
4/15/14,1.472
4/14/14,1.526
4/11/14,1.504
4/10/14,1.52
4/9/14,1.575
4/8/14,1.557
4/7/14,1.539
4/4/14,1.553
4/3/14,1.603
4/2/14,1.616
4/1/14,1.573
3/31/14,1.566
3/28/14,1.548
3/27/14,1.536
3/26/14,1.568
3/25/14,1.577
3/24/14,1.578
3/21/14,1.631
3/20/14,1.646
3/19/14,1.599
3/18/14,1.567
3/17/14,1.567
3/14/14,1.546
3/13/14,1.541
3/12/14,1.596
3/11/14,1.638
3/10/14,1.625
3/7/14,1.653
3/6/14,1.647
3/5/14,1.605
3/4/14,1.598
3/3/14,1.551
2/28/14,1.624
2/27/14,1.562
2/26/14,1.617
2/25/14,1.646
2/24/14,1.68
2/21/14,1.662
2/20/14,1.69
2/19/14,1.661
2/18/14,1.667
2/17/14,1.684
2/14/14,1.679
2/13/14,1.667
2/12/14,1.715
2/11/14,1.686
2/10/14,1.68
2/7/14,1.661
2/6/14,1.696
2/5/14,1.636
2/4/14,1.65
2/3/14,1.644
1/31/14,1.659
1/30/14,1.715
1/29/14,1.742
1/28/14,1.677
1/27/14,1.665
1/24/14,1.658
1/23/14,1.709
1/22/14,1.757
1/21/14,1.738
1/20/14,1.741
1/17/14,1.753
1/16/14,1.779
1/15/14,1.825
1/14/14,1.814
1/13/14,1.817
1/10/14,1.843
1/9/14,1.915
1/8/14,1.904
1/7/14,1.886
1/6/14,1.907
1/3/14,1.944
1/2/14,1.941
1/1/14,1.929
12/31/13,1.929
12/30/13,1.93
12/27/13,1.956
12/26/13,1.892
12/25/13,1.892
12/24/13,1.892
12/23/13,1.882
12/20/13,1.87
12/19/13,1.871
12/18/13,1.847
12/17/13,1.827
12/16/13,1.835
12/13/13,1.828
12/12/13,1.839
12/11/13,1.814
12/10/13,1.835
12/9/13,1.839
12/6/13,1.842
12/5/13,1.861
12/4/13,1.814
12/3/13,1.725
12/2/13,1.744
11/29/13,1.693
11/28/13,1.695
11/27/13,1.717
11/26/13,1.687
11/25/13,1.722
11/22/13,1.746
11/21/13,1.741
11/20/13,1.714
11/19/13,1.719
11/18/13,1.681
11/15/13,1.706
11/14/13,1.701
11/13/13,1.735
11/12/13,1.789
11/11/13,1.754
11/8/13,1.757
11/7/13,1.684
11/6/13,1.741
11/5/13,1.743
11/4/13,1.677
11/1/13,1.691
10/31/13,1.674
10/30/13,1.688
10/29/13,1.741
10/28/13,1.749
10/25/13,1.755
10/24/13,1.765
10/23/13,1.766
10/22/13,1.796
10/21/13,1.848
10/18/13,1.831
10/17/13,1.867
10/16/13,1.929
10/15/13,1.914
10/14/13,1.859
10/11/13,1.864
10/10/13,1.869
10/9/13,1.812
10/8/13,1.811
10/7/13,1.803
10/4/13,1.841
10/3/13,1.793
10/2/13,1.811
10/1/13,1.804
9/30/13,1.779
9/27/13,1.778
9/26/13,1.83
9/25/13,1.822
9/24/13,1.845
9/23/13,1.917
9/20/13,1.943
9/19/13,1.921
9/18/13,2
9/17/13,1.963
9/16/13,1.937
9/13/13,1.976
9/12/13,2
9/11/13,2.045
9/10/13,2.027
9/9/13,1.96
9/6/13,1.95
9/5/13,2.042
9/4/13,1.941
9/3/13,1.941
9/2/13,1.904
8/30/13,1.856
8/29/13,1.855
8/28/13,1.876
8/27/13,1.847
8/26/13,1.894
8/23/13,1.935
8/22/13,1.92
8/21/13,1.871
8/20/13,1.841
8/19/13,1.897
8/16/13,1.881
8/15/13,1.883
8/14/13,1.822
8/13/13,1.808
8/12/13,1.702
8/9/13,1.68
8/8/13,1.686
8/7/13,1.687
8/6/13,1.702
8/5/13,1.687
8/2/13,1.651
8/1/13,1.667
7/31/13,1.67
7/30/13,1.668
7/29/13,1.664
7/26/13,1.665
7/25/13,1.671
7/24/13,1.646
7/23/13,1.551
7/22/13,1.515
7/19/13,1.519
7/18/13,1.519
7/17/13,1.542
7/16/13,1.55
7/15/13,1.578
7/12/13,1.56
7/11/13,1.623
7/10/13,1.658
7/9/13,1.653
7/8/13,1.698
7/5/13,1.719
7/4/13,1.648
7/3/13,1.66
7/2/13,1.704
7/1/13,1.72
6/28/13,1.728
6/27/13,1.725
6/26/13,1.767
6/25/13,1.804
6/24/13,1.811
6/21/13,1.725
6/20/13,1.665
6/19/13,1.558
6/18/13,1.57
6/17/13,1.521
6/14/13,1.514
6/13/13,1.561
6/12/13,1.585
6/11/13,1.6
6/10/13,1.601
6/7/13,1.546
6/6/13,1.521
6/5/13,1.511
6/4/13,1.543
6/3/13,1.522
5/31/13,1.505
5/30/13,1.517
5/29/13,1.533
5/28/13,1.498
5/27/13,1.457
5/24/13,1.431
5/23/13,1.444
5/22/13,1.427
5/21/13,1.391
5/20/13,1.376
5/17/13,1.326
5/16/13,1.331
5/15/13,1.382
5/14/13,1.374
5/13/13,1.356
5/10/13,1.38
5/9/13,1.27
5/8/13,1.269
5/7/13,1.298
5/6/13,1.243
5/3/13,1.24
5/2/13,1.165
5/1/13,1.208
4/30/13,1.216
4/29/13,1.204
4/26/13,1.206
4/25/13,1.238
4/24/13,1.238
4/23/13,1.26
4/22/13,1.232
4/19/13,1.251
4/18/13,1.226
4/17/13,1.228
4/16/13,1.277
4/15/13,1.245
4/12/13,1.26
4/11/13,1.301
4/10/13,1.304
4/9/13,1.26
4/8/13,1.237
4/5/13,1.212
4/4/13,1.239
4/3/13,1.288
4/2/13,1.307
4/1/13,1.289
3/29/13,1.289
3/28/13,1.289
3/27/13,1.27
3/26/13,1.345
3/25/13,1.327
3/22/13,1.379
3/21/13,1.365
3/20/13,1.387
3/19/13,1.346
3/18/13,1.407
3/15/13,1.455
3/14/13,1.473
3/13/13,1.481
3/12/13,1.481
3/11/13,1.516
3/8/13,1.525
3/7/13,1.492
3/6/13,1.457
3/5/13,1.45
3/4/13,1.418
3/1/13,1.41
2/28/13,1.454
2/27/13,1.451
2/26/13,1.453
2/25/13,1.556
2/22/13,1.568
2/21/13,1.573
2/20/13,1.654
2/19/13,1.622
2/18/13,1.629
2/15/13,1.652
2/14/13,1.643
2/13/13,1.671
2/12/13,1.629
2/11/13,1.609
2/8/13,1.609
2/7/13,1.604
2/6/13,1.63
2/5/13,1.651
2/4/13,1.611
2/1/13,1.672
1/31/13,1.68
1/30/13,1.711
1/29/13,1.69
1/28/13,1.693
1/25/13,1.636
1/24/13,1.572
1/23/13,1.544
1/22/13,1.572
1/21/13,1.593
1/18/13,1.555
1/17/13,1.607
1/16/13,1.565
1/15/13,1.509
1/14/13,1.551
1/11/13,1.583
1/10/13,1.56
1/9/13,1.477
1/8/13,1.491
1/7/13,1.515
1/4/13,1.536
1/3/13,1.479
1/2/13,1.442
1/1/13,1.316
12/31/12,1.316
12/28/12,1.31
12/27/12,1.315
12/21/12,1.376
12/20/12,1.416
12/19/12,1.43
12/18/12,1.41
12/17/12,1.372
12/14/12,1.348
12/13/12,1.353
12/12/12,1.335
12/11/12,1.319
12/10/12,1.306
12/7/12,1.295
12/6/12,1.296
12/5/12,1.348
12/4/12,1.394
12/3/12,1.409
11/30/12,1.386
11/29/12,1.366
11/28/12,1.368
11/27/12,1.44
11/26/12,1.414
11/23/12,1.436
11/22/12,1.431
11/21/12,1.431
11/20/12,1.417
11/19/12,1.355
11/16/12,1.331
11/15/12,1.338
11/14/12,1.341
11/13/12,1.338
11/12/12,1.344
11/9/12,1.348
11/8/12,1.364
11/7/12,1.38
11/6/12,1.439
11/5/12,1.428
11/2/12,1.45
11/1/12,1.455
10/31/12,1.462
10/30/12,1.478
10/29/12,1.458
10/26/12,1.537
10/25/12,1.583
10/24/12,1.556
10/23/12,1.572
10/22/12,1.618
10/19/12,1.594
10/18/12,1.633
10/17/12,1.634
10/16/12,1.543
10/15/12,1.472
10/12/12,1.445
10/11/12,1.502
10/10/12,1.489
10/9/12,1.474
10/8/12,1.475
10/5/12,1.52
10/4/12,1.446
10/3/12,1.446
10/2/12,1.456
10/1/12,1.45
9/28/12,1.442
9/27/12,1.457
9/26/12,1.456
9/25/12,1.584
9/24/12,1.559
9/21/12,1.596
9/20/12,1.574
9/19/12,1.622
9/18/12,1.637
9/17/12,1.672
9/14/12,1.706
9/13/12,1.554
9/12/12,1.617
9/11/12,1.543
9/10/12,1.547
9/7/12,1.519
9/6/12,1.559
9/5/12,1.479
9/4/12,1.391
9/3/12,1.378
8/31/12,1.334
8/30/12,1.322
8/29/12,1.38
8/28/12,1.341
8/27/12,1.352
8/24/12,1.355
8/23/12,1.377
8/22/12,1.461
8/21/12,1.557
8/20/12,1.509
8/17/12,1.496
8/16/12,1.526
8/15/12,1.563
8/14/12,1.468
8/13/12,1.402
8/10/12,1.385
8/9/12,1.434
8/8/12,1.421
8/7/12,1.485
8/6/12,1.396
8/3/12,1.424
8/2/12,1.227
8/1/12,1.368
7/31/12,1.285
7/30/12,1.375
7/27/12,1.398
7/26/12,1.321
7/25/12,1.262
7/24/12,1.236
7/23/12,1.175
7/20/12,1.167
7/19/12,1.217
7/18/12,1.199
7/17/12,1.232
7/16/12,1.232
7/13/12,1.26
7/12/12,1.249
7/11/12,1.271
7/10/12,1.321
7/9/12,1.321
7/6/12,1.327
7/5/12,1.382
7/4/12,1.454
7/3/12,1.533
7/2/12,1.519
6/29/12,1.583
6/28/12,1.513
6/27/12,1.567
6/26/12,1.505
6/25/12,1.463
6/22/12,1.581
6/21/12,1.534
6/20/12,1.615
6/19/12,1.531
6/18/12,1.412
6/15/12,1.437
6/14/12,1.487
6/13/12,1.488
6/12/12,1.424
6/11/12,1.305
6/8/12,1.329
6/7/12,1.375
6/6/12,1.335
6/5/12,1.208
6/4/12,1.208
6/1/12,1.172
5/31/12,1.2
5/30/12,1.269
5/29/12,1.359
5/28/12,1.364
5/25/12,1.37
5/24/12,1.391
5/23/12,1.384
5/22/12,1.468
5/21/12,1.431
5/18/12,1.426
5/17/12,1.413
5/16/12,1.47
5/15/12,1.47
5/14/12,1.457
5/11/12,1.516
5/10/12,1.539
5/9/12,1.518
5/8/12,1.542
5/7/12,1.605
5/4/12,1.584
5/3/12,1.612
5/2/12,1.609
5/1/12,1.663
4/30/12,1.663
4/27/12,1.699
4/26/12,1.683
4/25/12,1.741
4/24/12,1.698
4/23/12,1.644
4/20/12,1.709
4/19/12,1.692
4/18/12,1.72
4/17/12,1.75
4/16/12,1.717
4/13/12,1.735
4/12/12,1.788
4/11/12,1.781
4/10/12,1.643
4/9/12,1.735
4/5/12,1.735
4/4/12,1.788
4/3/12,1.804
4/2/12,1.804
3/30/12,1.794
3/29/12,1.808
3/28/12,1.832
3/27/12,1.889
3/26/12,1.954
3/23/12,1.865
3/22/12,1.912
3/21/12,1.979
3/20/12,2.041
3/19/12,2.056
3/16/12,2.05
3/15/12,1.968
3/14/12,1.954
3/13/12,1.821
3/12/12,1.757
3/9/12,1.794
3/8/12,1.798
3/7/12,1.772
3/6/12,1.777
3/5/12,1.826
3/2/12,1.8
3/1/12,1.865
2/29/12,1.818
2/28/12,1.801
2/27/12,1.829
2/24/12,1.884
2/23/12,1.883
2/22/12,1.892
2/21/12,1.982
2/20/12,1.961
2/17/12,1.925
2/16/12,1.896
2/15/12,1.861
2/14/12,1.902
2/13/12,1.931
2/10/12,1.907
2/9/12,2.016
2/8/12,1.983
2/7/12,1.963
2/6/12,1.887
2/3/12,1.933
2/2/12,1.852
2/1/12,1.852
1/31/12,1.787
1/30/12,1.793
1/27/12,1.858
1/26/12,1.871
1/25/12,1.945
1/24/12,1.993
1/23/12,1.971
1/20/12,1.929
1/19/12,1.86
1/18/12,1.785
1/17/12,1.792
1/16/12,1.769
1/13/12,1.765
1/12/12,1.835
1/11/12,1.814
1/10/12,1.884
1/9/12,1.845
1/6/12,1.854
1/5/12,1.863
1/4/12,1.924
1/3/12,1.899
1/2/12,1.905
12/30/11,1.829
12/29/11,1.842
12/28/11,1.894
12/27/11,1.921
12/26/11,1.96
12/23/11,1.96
12/22/11,1.944
12/21/11,1.934
12/20/11,1.955
12/19/11,1.882
12/16/11,1.852
12/15/11,1.945
12/14/11,1.921
12/13/11,2.028
12/12/11,2.021
12/9/11,2.149
12/8/11,2.016
12/7/11,2.104
12/6/11,2.188
12/5/11,2.204
12/2/11,2.135
12/1/11,2.178
11/30/11,2.28
11/29/11,2.332
11/28/11,2.3
11/25/11,2.263
11/24/11,2.194
11/23/11,2.148
11/22/11,1.919
11/21/11,1.915
11/18/11,1.967
11/17/11,1.892
11/16/11,1.815
11/15/11,1.782
11/14/11,1.781
11/11/11,1.888
11/10/11,1.776
11/9/11,1.721
11/8/11,1.801
11/7/11,1.78
11/4/11,1.823
11/3/11,1.913
11/2/11,1.827
11/1/11,1.768
10/31/11,2.025
10/28/11,2.179
10/27/11,2.206
10/26/11,2.037
10/25/11,2.059
10/24/11,2.121
10/21/11,2.106
10/20/11,1.998
10/19/11,2.059
10/18/11,2.013
10/17/11,2.098
10/14/11,2.199
10/13/11,2.105
10/12/11,2.189
10/11/11,2.089
10/10/11,2.083
10/7/11,2.002
10/6/11,1.942
10/5/11,1.839
10/4/11,1.726
10/3/11,1.815
9/30/11,1.887
9/29/11,2.007
9/28/11,2.011
9/27/11,1.962
9/26/11,1.829
9/23/11,1.747
9/22/11,1.674
9/21/11,1.772
9/20/11,1.791
9/19/11,1.8
9/16/11,1.863
9/15/11,1.929
9/14/11,1.878
9/13/11,1.794
9/12/11,1.744
9/9/11,1.772
9/8/11,1.869
9/7/11,1.907
9/6/11,1.848
9/5/11,1.847
9/2/11,2.008
9/1/11,2.145
8/31/11,2.219
8/30/11,2.153
8/29/11,2.227
8/26/11,2.157
8/25/11,2.186
8/24/11,2.178
8/23/11,2.128
8/22/11,2.102
8/19/11,2.105
8/18/11,2.087
8/17/11,2.203
8/16/11,2.324
8/15/11,2.325
8/12/11,2.333
8/11/11,2.318
8/10/11,2.192
8/9/11,2.365
8/8/11,2.262
8/5/11,2.346
8/4/11,2.3
8/3/11,2.403
8/2/11,2.416
8/1/11,2.453
7/29/11,2.538
7/28/11,2.633
7/27/11,2.651
7/26/11,2.74
7/25/11,2.763
7/22/11,2.828
7/21/11,2.877
7/20/11,2.767
7/19/11,2.678
7/18/11,2.648
7/15/11,2.695
7/14/11,2.738
7/13/11,2.748
7/12/11,2.711
7/11/11,2.672
7/8/11,2.829
7/7/11,2.967
7/6/11,2.933
7/5/11,3.008
7/4/11,3.02
7/1/11,3.034
6/30/11,3.025
6/29/11,2.984
6/28/11,2.933
6/27/11,2.891
6/24/11,2.834
6/23/11,2.866
6/22/11,2.942
6/21/11,2.979
6/20/11,2.965
6/17/11,2.959
6/16/11,2.916
6/15/11,2.953
6/14/11,3.014
6/13/11,2.958
6/10/11,2.962
6/9/11,3.03
6/8/11,3.054
6/7/11,3.094
6/6/11,3.025
6/3/11,3.058
6/2/11,2.99
6/1/11,2.987
5/31/11,3.02
5/30/11,2.976
5/27/11,2.985
5/26/11,2.997
5/25/11,3.048
5/24/11,3.069
5/23/11,3.014
5/20/11,3.057
5/19/11,3.114
5/18/11,3.12
5/17/11,3.093
5/16/11,3.116
5/13/11,3.077
5/12/11,3.109
5/11/11,3.128
5/10/11,3.122
5/9/11,3.103
5/6/11,3.17
5/5/11,3.215
5/4/11,3.296
5/3/11,3.279
5/2/11,3.246
4/29/11,3.239
4/28/11,3.223
4/27/11,3.292
4/26/11,3.248
4/25/11,3.26
4/22/11,3.26
4/21/11,3.26
4/20/11,3.305
4/19/11,3.275
4/18/11,3.248
4/15/11,3.378
4/14/11,3.428
4/13/11,3.435
4/12/11,3.441
4/11/11,3.491
4/8/11,3.481
4/7/11,3.422
4/6/11,3.431
4/5/11,3.392
4/4/11,3.369
4/1/11,3.372
3/31/11,3.354
3/30/11,3.339
3/29/11,3.332
3/28/11,3.291
3/25/11,3.28
3/24/11,3.245
3/23/11,3.236
3/22/11,3.257
3/21/11,3.233
3/18/11,3.188
3/17/11,3.169
3/16/11,3.09
3/15/11,3.137
3/14/11,3.227
3/11/11,3.214
3/10/11,3.25
3/9/11,3.29
3/8/11,3.305
3/7/11,3.273
3/4/11,3.273
3/3/11,3.326
3/2/11,3.197
3/1/11,3.179
2/28/11,3.17
2/25/11,3.152
2/24/11,3.131
2/23/11,3.14
2/22/11,3.146
2/21/11,3.184
2/18/11,3.254
2/17/11,3.183
2/16/11,3.237
2/15/11,3.282
2/14/11,3.296
2/11/11,3.294
2/10/11,3.301
2/9/11,3.306
2/8/11,3.255
2/7/11,3.253
2/4/11,3.261
2/3/11,3.216
2/2/11,3.259
2/1/11,3.221
1/31/11,3.155
1/28/11,3.148
1/27/11,3.206
1/26/11,3.185
1/25/11,3.144
1/24/11,3.15
1/21/11,3.176
1/20/11,3.159
1/19/11,3.105
1/18/11,3.115
1/17/11,3.038
1/14/11,3.028
1/13/11,3.044
1/12/11,3.052
1/11/11,2.925
1/10/11,2.87
1/7/11,2.869
1/6/11,2.913
1/5/11,2.938
1/4/11,2.891
1/3/11,2.922
12/31/10,2.963
12/30/10,2.959
12/29/10,3.018
12/28/10,2.976
12/27/10,3.029
12/24/10,2.982
12/23/10,2.977
12/22/10,2.952
12/21/10,2.986
12/20/10,2.967
12/17/10,3.029
12/16/10,3.065
12/15/10,3.03
12/14/10,3.026
12/13/10,2.976
12/10/10,2.954
12/9/10,2.947
12/8/10,3.014
12/7/10,2.948
12/6/10,2.853
12/3/10,2.857
12/2/10,2.819
12/1/10,2.78
11/30/10,2.67
11/29/10,2.757
11/26/10,2.734
11/25/10,2.712
11/24/10,2.66
11/23/10,2.552
11/22/10,2.65
11/19/10,2.703
11/18/10,2.704
11/17/10,2.601
11/16/10,2.622
11/15/10,2.563
11/12/10,2.512
11/11/10,2.435
11/10/10,2.441
11/9/10,2.407
11/8/10,2.39
11/5/10,2.417
11/4/10,2.396
11/3/10,2.418
11/2/10,2.47
11/1/10,2.481
10/29/10,2.518
10/28/10,2.566
10/27/10,2.559
10/26/10,2.507
10/25/10,2.45
10/22/10,2.474
10/21/10,2.484
10/20/10,2.44
10/19/10,2.414
10/18/10,2.385
10/15/10,2.371
10/14/10,2.295
10/13/10,2.286
10/12/10,2.243
10/11/10,2.272
10/8/10,2.254
10/7/10,2.262
10/6/10,2.224
10/5/10,2.279
10/4/10,2.252
10/1/10,2.285
9/30/10,2.275
9/29/10,2.24
9/28/10,2.248
9/27/10,2.269
9/24/10,2.342
9/23/10,2.285
9/22/10,2.349
9/21/10,2.453
9/20/10,2.467
9/17/10,2.427
9/16/10,2.478
9/15/10,2.404
9/14/10,2.371
9/13/10,2.427
9/10/10,2.4
9/9/10,2.336
9/8/10,2.297
9/7/10,2.255
9/6/10,2.336
9/3/10,2.354
9/2/10,2.283
9/1/10,2.224
8/31/10,2.116
8/30/10,2.135
8/27/10,2.2
8/26/10,2.157
8/25/10,2.146
8/24/10,2.18
8/23/10,2.286
8/20/10,2.267
8/19/10,2.312
8/18/10,2.319
8/17/10,2.363
8/16/10,2.33
8/13/10,2.393
8/12/10,2.421
8/11/10,2.428
8/10/10,2.537
8/9/10,2.525
8/6/10,2.519
8/5/10,2.562
8/4/10,2.604
8/3/10,2.607
8/2/10,2.698
7/30/10,2.669
7/29/10,2.717
7/28/10,2.749
7/27/10,2.77
7/26/10,2.761
7/23/10,2.706
7/22/10,2.667
7/21/10,2.636
7/20/10,2.636
7/19/10,2.659
7/16/10,2.606
7/15/10,2.653
7/14/10,2.655
7/13/10,2.641
7/12/10,2.589
7/9/10,2.634
7/8/10,2.632
7/7/10,2.598
7/6/10,2.589
7/5/10,2.543
7/2/10,2.583
7/1/10,2.566
6/30/10,2.577
6/29/10,2.559
6/28/10,2.585
6/25/10,2.611
6/24/10,2.602
6/23/10,2.647
6/22/10,2.692
6/21/10,2.766
6/18/10,2.729
6/17/10,2.663
6/16/10,2.671
6/15/10,2.674
6/14/10,2.642
6/11/10,2.566
6/10/10,2.61
6/9/10,2.567
6/8/10,2.512
6/7/10,2.563
6/4/10,2.584
6/3/10,2.676
6/2/10,2.655
6/1/10,2.675
5/31/10,2.66
5/28/10,2.682
5/27/10,2.712
5/26/10,2.645
5/25/10,2.578
5/24/10,2.655
5/21/10,2.666
5/20/10,2.685
5/19/10,2.766
5/18/10,2.824
5/17/10,2.863
5/14/10,2.86
5/13/10,2.94
5/12/10,2.942
5/11/10,2.937
5/10/10,2.955
5/7/10,2.797
5/6/10,2.793
5/5/10,2.861
5/4/10,2.949
5/3/10,3.065
4/30/10,3.017
4/29/10,3.062
4/28/10,2.982
4/27/10,2.939
4/26/10,3.046
4/23/10,3.061
4/22/10,3.052
4/21/10,3.079
4/20/10,3.098
4/19/10,3.078
4/16/10,3.084
4/15/10,3.132
4/14/10,3.138
4/13/10,3.146
4/12/10,3.177
4/9/10,3.166
4/8/10,3.096
4/7/10,3.119
4/6/10,3.143
4/5/10,3.09
4/2/10,3.088
4/1/10,3.088
3/31/10,3.092
3/30/10,3.11
3/29/10,3.132
3/26/10,3.15
3/25/10,3.152
3/24/10,3.079
3/23/10,3.056
3/22/10,3.07
3/19/10,3.109
3/18/10,3.127
3/17/10,3.111
3/16/10,3.139
3/15/10,3.155
3/12/10,3.167
3/11/10,3.179
3/10/10,3.153
3/9/10,3.132
3/8/10,3.165
3/5/10,3.156
3/4/10,3.123
3/3/10,3.138
3/2/10,3.114
3/1/10,3.108
2/26/10,3.101
2/25/10,3.11
2/24/10,3.135
2/23/10,3.167
2/22/10,3.27
2/19/10,3.285
2/18/10,3.251
2/17/10,3.194
2/16/10,3.205
2/15/10,3.204
2/12/10,3.192
2/11/10,3.234
2/10/10,3.198
2/9/10,3.2
2/8/10,3.145
2/5/10,3.12
2/4/10,3.163
2/3/10,3.223
2/2/10,3.195
2/1/10,3.185
1/29/10,3.196
1/28/10,3.201
1/27/10,3.2
1/26/10,3.207
1/25/10,3.217
1/22/10,3.215
1/21/10,3.207
1/20/10,3.223
1/19/10,3.277
1/18/10,3.248
1/15/10,3.262
1/14/10,3.298
1/13/10,3.303
1/12/10,3.313
1/11/10,3.347
1/8/10,3.385
1/7/10,3.37
1/6/10,3.381
1/5/10,3.373
1/4/10,3.391
1/1/10,3.387
12/31/09,3.387
12/30/09,3.387
12/29/09,3.368
12/28/09,3.352
12/25/09,3.315
12/24/09,3.322
12/23/09,3.317
12/22/09,3.264
12/21/09,3.194
12/18/09,3.137
12/17/09,3.142
12/16/09,3.198
12/15/09,3.243
12/14/09,3.185
12/11/09,3.209
12/10/09,3.178
12/9/09,3.137
12/8/09,3.14
12/7/09,3.185
12/4/09,3.238
12/3/09,3.177
12/2/09,3.161
12/1/09,3.152
11/30/09,3.159
11/27/09,3.168
11/26/09,3.166
11/25/09,3.265
11/24/09,3.254
11/23/09,3.274
11/20/09,3.254
11/19/09,3.271
11/18/09,3.289
11/17/09,3.283
11/16/09,3.323
11/13/09,3.381
11/12/09,3.362
11/11/09,3.343
11/10/09,3.28
11/9/09,3.318
11/6/09,3.364
11/5/09,3.344
11/4/09,3.318
11/3/09,3.263
11/2/09,3.237
10/30/09,3.231
10/29/09,3.324
10/28/09,3.253
10/27/09,3.269
10/26/09,3.354
10/23/09,3.348
10/22/09,3.305
10/21/09,3.317
10/20/09,3.235
10/19/09,3.301
10/16/09,3.286
10/15/09,3.297
10/14/09,3.227
10/13/09,3.164
10/12/09,3.182
10/9/09,3.204
10/8/09,3.115
10/7/09,3.118
10/6/09,3.158
10/5/09,3.124
10/2/09,3.122
10/1/09,3.157
9/30/09,3.22
9/29/09,3.223
9/28/09,3.254
9/25/09,3.256
9/24/09,3.305
9/23/09,3.373
9/22/09,3.395
9/21/09,3.379
9/18/09,3.376
9/17/09,3.365
9/16/09,3.337
9/15/09,3.292
9/14/09,3.257
9/11/09,3.236
9/10/09,3.304
9/9/09,3.362
9/8/09,3.274
9/7/09,3.232
9/4/09,3.242
9/3/09,3.243
9/2/09,3.231
9/1/09,3.235
8/31/09,3.257
8/28/09,3.25
8/27/09,3.245
8/26/09,3.235
8/25/09,3.269
8/24/09,3.305
8/21/09,3.312
8/20/09,3.255
8/19/09,3.249
8/18/09,3.295
8/17/09,3.284
8/14/09,3.317
8/13/09,3.424
8/12/09,3.456
8/11/09,3.473
8/10/09,3.483
8/7/09,3.51
8/6/09,3.374
8/5/09,3.339
8/4/09,3.346
8/3/09,3.344
7/31/09,3.3
7/30/09,3.43
7/29/09,3.418
7/28/09,3.427
7/27/09,3.487
7/24/09,3.477
7/23/09,3.459
7/22/09,3.38
7/21/09,3.354
7/20/09,3.417
7/17/09,3.4
7/16/09,3.316
7/15/09,3.367
7/14/09,3.304
7/13/09,3.266
7/10/09,3.259
7/9/09,3.299
7/8/09,3.277
7/7/09,3.318
7/6/09,3.3
7/3/09,3.34
7/2/09,3.328
7/1/09,3.414
6/30/09,3.386
6/29/09,3.369
6/26/09,3.391
6/25/09,3.426
6/24/09,3.45
6/23/09,3.463
6/22/09,3.45
6/19/09,3.502
6/18/09,3.547
6/17/09,3.481
6/16/09,3.525
6/15/09,3.522
6/12/09,3.634
6/11/09,3.698
6/10/09,3.688
6/9/09,3.636
6/8/09,3.676
6/5/09,3.722
6/4/09,3.638
6/3/09,3.573
6/2/09,3.659
6/1/09,3.669
5/29/09,3.589
5/28/09,3.66
5/27/09,3.626
5/26/09,3.621
5/25/09,3.604
5/22/09,3.463
5/21/09,3.37
5/20/09,3.433
5/19/09,3.438
5/18/09,3.358
5/15/09,3.365
5/14/09,3.305
5/13/09,3.343
5/12/09,3.407
5/11/09,3.388
5/8/09,3.447
5/7/09,3.38
5/6/09,3.24
5/5/09,3.211
5/4/09,3.243
5/1/09,3.17
4/30/09,3.178
4/29/09,3.131
4/28/09,3.141
4/27/09,3.161
4/24/09,3.191
4/23/09,3.222
4/22/09,3.209
4/21/09,3.14
4/20/09,3.149
4/17/09,3.27
4/16/09,3.176
4/15/09,3.142
4/14/09,3.199
4/13/09,3.252
4/10/09,3.25
4/9/09,3.257
4/8/09,3.214
4/7/09,3.217
4/6/09,3.218
4/3/09,3.221
4/2/09,3.16
4/1/09,2.994
3/31/09,2.994
3/30/09,3.026
3/27/09,3.086
3/26/09,3.13
3/25/09,3.146
3/24/09,3.149
3/23/09,3.019
3/20/09,2.974
3/19/09,3.045
3/18/09,3.221
3/17/09,3.191
3/16/09,3.145
3/13/09,3.059
3/12/09,3.007
3/11/09,3.07
3/10/09,3
3/9/09,2.936
3/6/09,2.925
3/5/09,3.017
3/4/09,3.136
3/3/09,3.048
3/2/09,3.03
2/27/09,3.112
2/26/09,3.128
2/25/09,2.993
2/24/09,2.988
2/23/09,3.014
2/20/09,3.014
2/19/09,3.08
2/18/09,2.994
2/17/09,2.975
2/16/09,3.037
2/13/09,3.107
2/12/09,3.083
2/11/09,3.189
2/10/09,3.343
2/9/09,3.403
2/6/09,3.371
2/5/09,3.339
2/4/09,3.363
2/3/09,3.335
2/2/09,3.284
1/30/09,3.296
1/29/09,3.259
1/28/09,3.233
1/27/09,3.26
1/26/09,3.327
1/23/09,3.237
1/22/09,3.108
1/21/09,2.999
1/20/09,3.019
1/19/09,2.996
1/16/09,2.93
1/15/09,2.89
1/14/09,2.934
1/13/09,2.991
1/12/09,2.986
1/9/09,3.017
1/8/09,3.127
1/7/09,3.198
1/6/09,3.153
1/5/09,3.013
1/2/09,2.957
1/1/09,2.95
12/31/08,2.951
12/30/08,2.949
12/29/08,2.909
12/26/08,2.941
12/25/08,2.941
12/24/08,2.942
12/23/08,2.945
12/22/08,2.937
12/19/08,3.002
12/18/08,2.974
12/17/08,2.987
12/16/08,3.135
12/15/08,3.197
12/12/08,3.297
12/11/08,3.215
12/10/08,3.208
12/9/08,3.233
12/8/08,3.155
12/5/08,3.029
12/4/08,3.096
12/3/08,3.036
12/2/08,3.048
12/1/08,3.164
11/28/08,3.258
11/27/08,3.294
11/26/08,3.284
11/25/08,3.35
11/24/08,3.426
11/21/08,3.39
11/20/08,3.401
11/19/08,3.542
11/18/08,3.646
11/17/08,3.661
11/14/08,3.673
11/13/08,3.64
11/12/08,3.631
11/11/08,3.671
11/10/08,3.683
11/7/08,3.681
11/6/08,3.704
11/5/08,3.767
11/4/08,3.804
11/3/08,3.831
10/31/08,3.9
10/30/08,3.771
10/29/08,3.787
10/28/08,3.752
10/27/08,3.76
10/24/08,3.751
10/23/08,3.779
10/22/08,3.807
10/21/08,3.94
10/20/08,4.011
10/17/08,4.014
10/16/08,4.069
10/15/08,4.123
10/14/08,4.116
10/13/08,4.074
10/10/08,3.996
10/9/08,3.877
10/8/08,3.803
10/7/08,3.752
10/6/08,3.753
10/3/08,3.924
10/2/08,3.931
10/1/08,3.995
9/30/08,4.015
9/29/08,3.972
9/26/08,4.164
9/25/08,4.23
9/24/08,4.164
9/23/08,4.241
9/22/08,4.257
9/19/08,4.208
9/18/08,4.036
9/17/08,4.016
9/16/08,3.996
9/15/08,4.051
9/12/08,4.185
9/11/08,4.081
9/10/08,4.066
9/9/08,4.043
9/8/08,4.064
9/5/08,4.001
9/4/08,4.07
9/3/08,4.14
9/2/08,4.141
9/1/08,4.126
8/29/08,4.176
8/28/08,4.179
8/27/08,4.174
8/26/08,4.114
8/25/08,4.121
8/22/08,4.219
8/21/08,4.175
8/20/08,4.123
8/19/08,4.165
8/18/08,4.143
8/15/08,4.165
8/14/08,4.203
8/13/08,4.206
8/12/08,4.23
8/11/08,4.273
8/8/08,4.261
8/7/08,4.262
8/6/08,4.341
8/5/08,4.31
8/4/08,4.334
8/1/08,4.349
7/31/08,4.355
7/30/08,4.416
7/29/08,4.477
7/28/08,4.525
7/25/08,4.604
7/24/08,4.566
7/23/08,4.662
7/22/08,4.641
7/21/08,4.635
7/18/08,4.571
7/17/08,4.443
7/16/08,4.392
7/15/08,4.385
7/14/08,4.398
7/11/08,4.427
7/10/08,4.4
7/9/08,4.413
7/8/08,4.413
7/7/08,4.427
7/4/08,4.495
7/3/08,4.556
7/2/08,4.653
7/1/08,4.607
6/30/08,4.621
6/27/08,4.523
6/26/08,4.516
6/25/08,4.613
6/24/08,4.602
6/23/08,4.599
6/20/08,4.607
6/19/08,4.66
6/18/08,4.594
6/17/08,4.59
6/16/08,4.613
6/13/08,4.617
6/12/08,4.57
6/11/08,4.526
6/10/08,4.498
6/9/08,4.466
6/6/08,4.403
6/5/08,4.469
6/4/08,4.384
6/3/08,4.427
6/2/08,4.347
5/30/08,4.405
5/29/08,4.43
5/28/08,4.347
5/27/08,4.306
5/26/08,4.284
5/23/08,4.266
5/22/08,4.298
5/21/08,4.264
5/20/08,4.19
5/19/08,4.22
5/16/08,4.177
5/15/08,4.21
5/14/08,4.164
5/13/08,4.094
5/12/08,4.011
5/9/08,3.995
5/8/08,4.064
5/7/08,4.176
5/6/08,4.133
5/5/08,4.158
5/2/08,4.198
5/1/08,4.117
4/30/08,4.123
4/29/08,4.138
4/28/08,4.201
4/25/08,4.178
4/24/08,4.182
4/23/08,4.146
4/22/08,4.148
4/21/08,4.115
4/18/08,4.133
4/17/08,4.076
4/16/08,4.037
4/15/08,3.964
4/14/08,3.908
4/11/08,3.91
4/10/08,3.982
4/9/08,4.005
4/8/08,4.021
4/7/08,4.013
4/4/08,3.946
4/3/08,3.982
4/2/08,3.993
4/1/08,3.974
3/31/08,3.899
3/28/08,3.938
3/27/08,3.924
3/26/08,3.876
3/25/08,3.883
3/24/08,3.761
3/21/08,3.762
3/20/08,3.752
3/19/08,3.761
3/18/08,3.761
3/17/08,3.688
3/14/08,3.732
3/13/08,3.76
3/12/08,3.771
3/11/08,3.789
3/10/08,3.731
3/7/08,3.788
3/6/08,3.809
3/5/08,3.861
3/4/08,3.806
3/3/08,3.86
2/29/08,3.891
2/28/08,4.001
2/27/08,4.088
2/26/08,4.074
2/25/08,4.036
2/22/08,4.003
2/21/08,4.015
2/20/08,4.025
2/19/08,3.994
2/18/08,4.015
2/15/08,3.955
2/14/08,4.005
2/13/08,3.956
2/12/08,3.945
2/11/08,3.859
2/8/08,3.864
2/7/08,3.877
2/6/08,3.895
2/5/08,3.846
2/4/08,3.932
2/1/08,3.919
1/31/08,3.93
1/30/08,4.018
1/29/08,3.994
1/28/08,3.948
1/25/08,3.977
1/24/08,3.998
1/23/08,3.889
1/22/08,3.992
1/21/08,3.912
1/18/08,3.974
1/17/08,3.975
1/16/08,3.978
1/15/08,4.024
1/14/08,4.054
1/11/08,4.087
1/10/08,4.089
1/9/08,4.089
1/8/08,4.153
1/7/08,4.125
1/4/08,4.135
1/3/08,4.193
1/2/08,4.21
1/1/08,4.33
12/31/07,4.331
12/28/07,4.339
12/27/07,4.373
12/26/07,4.333
12/25/07,4.328
12/24/07,4.331
12/21/07,4.304
12/20/07,4.25
12/19/07,4.284
12/18/07,4.285
12/17/07,4.289
12/14/07,4.305
12/13/07,4.282
12/12/07,4.306
12/11/07,4.24
12/10/07,4.268
12/7/07,4.199
12/6/07,4.083
12/5/07,4.033
12/4/07,4.026
12/3/07,4.067
11/30/07,4.126
11/29/07,4.066
11/28/07,4.111
11/27/07,4.037
11/26/07,4.021
11/23/07,4.022
11/22/07,4.006
11/21/07,4.013
11/20/07,4.056
11/19/07,4.051
11/16/07,4.1
11/15/07,4.117
11/14/07,4.146
11/13/07,4.127
11/12/07,4.1
11/9/07,4.087
11/8/07,4.126
11/7/07,4.152
11/6/07,4.183
11/5/07,4.167
11/2/07,4.177
11/1/07,4.206
10/31/07,4.239
10/30/07,4.187
10/29/07,4.171
10/26/07,4.173
10/25/07,4.16
10/24/07,4.15
10/23/07,4.199
10/22/07,4.192
10/19/07,4.225
10/18/07,4.324
10/17/07,4.394
10/16/07,4.436
10/15/07,4.429
10/12/07,4.421
10/11/07,4.394
10/10/07,4.352
10/9/07,4.319
10/8/07,4.353
10/5/07,4.35
10/4/07,4.289
10/3/07,4.334
10/2/07,4.317
10/1/07,4.323
9/28/07,4.329
9/27/07,4.379
9/26/07,4.385
9/25/07,4.327
9/24/07,4.365
9/21/07,4.358
9/20/07,4.342
9/19/07,4.284
9/18/07,4.219
9/17/07,4.154
9/14/07,4.166
9/13/07,4.17
9/12/07,4.125
9/11/07,4.094
9/10/07,4.072
9/7/07,4.122
9/6/07,4.206
9/5/07,4.21
9/4/07,4.275
9/3/07,4.263
8/31/07,4.242
8/30/07,4.232
8/29/07,4.225
8/28/07,4.228
8/27/07,4.252
8/24/07,4.262
8/23/07,4.268
8/22/07,4.295
8/21/07,4.23
8/20/07,4.273
8/17/07,4.287
8/16/07,4.246
8/15/07,4.335
8/14/07,4.36
8/13/07,4.371
8/10/07,4.354
8/9/07,4.388
8/8/07,4.425
8/7/07,4.345
8/6/07,4.323
8/3/07,4.317
8/2/07,4.374
8/1/07,4.348
7/31/07,4.347
7/30/07,4.304
7/27/07,4.323
7/26/07,4.331
7/25/07,4.404
7/24/07,4.431
7/23/07,4.44
7/20/07,4.438
7/19/07,4.55
7/18/07,4.544
7/17/07,4.596
7/16/07,4.579
7/13/07,4.618
7/12/07,4.62
7/11/07,4.577
7/10/07,4.589
7/9/07,4.669
7/6/07,4.677
7/5/07,4.647
7/4/07,4.604
7/3/07,4.562
7/2/07,4.511
6/29/07,4.574
6/28/07,4.566
6/27/07,4.547
6/26/07,4.602
6/25/07,4.622
6/22/07,4.653
6/21/07,4.646
6/20/07,4.64
6/19/07,4.62
6/18/07,4.663
6/15/07,4.657
6/14/07,4.644
6/13/07,4.644
6/12/07,4.611
6/11/07,4.565
6/8/07,4.572
6/7/07,4.545
6/6/07,4.461
6/5/07,4.496
6/4/07,4.456
6/1/07,4.461
5/31/07,4.422
5/30/07,4.399
5/29/07,4.402
5/28/07,4.392
5/25/07,4.387
5/24/07,4.369
5/23/07,4.381
5/22/07,4.338
5/21/07,4.322
5/18/07,4.311
5/17/07,4.312
5/16/07,4.303
5/15/07,4.299
5/14/07,4.269
5/11/07,4.217
5/10/07,4.214
5/9/07,4.208
5/8/07,4.195
5/7/07,4.212
5/4/07,4.195
5/3/07,4.23
5/2/07,4.21
5/1/07,4.149
4/30/07,4.154
4/27/07,4.22
4/26/07,4.22
4/25/07,4.188
4/24/07,4.163
4/23/07,4.18
4/20/07,4.203
4/19/07,4.197
4/18/07,4.154
4/17/07,4.182
4/16/07,4.207
4/13/07,4.231
4/12/07,4.182
4/11/07,4.143
4/10/07,4.128
4/9/07,4.096
4/6/07,4.097
4/5/07,4.095
4/4/07,4.071
4/3/07,4.097
4/2/07,4.072
3/30/07,4.057
3/29/07,4.053
3/28/07,4.031
3/27/07,4.022
3/26/07,4.001
3/23/07,4.001
3/22/07,3.949
3/21/07,3.927
3/20/07,3.909
3/19/07,3.926
3/16/07,3.905
3/15/07,3.907
3/14/07,3.882
3/13/07,3.905
3/12/07,3.932
3/9/07,3.959
3/8/07,3.929
3/7/07,3.92
3/6/07,3.918
3/5/07,3.915
3/2/07,3.938
3/1/07,3.947
2/28/07,3.957
2/27/07,3.965
2/26/07,3.995
2/23/07,4.047
2/22/07,4.086
2/21/07,4.053
2/20/07,4.063
2/19/07,4.066
2/16/07,4.05
2/15/07,4.044
2/14/07,4.099
2/13/07,4.125
2/12/07,4.108
2/9/07,4.091
2/8/07,4.047
2/7/07,4.03
2/6/07,4.03
2/5/07,4.031
2/2/07,4.061
2/1/07,4.091
1/31/07,4.1
1/30/07,4.11
1/29/07,4.119
1/26/07,4.092
1/25/07,4.079
1/24/07,4.04
1/23/07,4.02
1/22/07,4.021
1/19/07,4.05
1/18/07,4.062
1/17/07,4.04
1/16/07,4.04
1/15/07,4.054
1/12/07,4.063
1/11/07,4.014
1/10/07,4.021
1/9/07,4.004
1/8/07,3.973
1/5/07,3.982
1/4/07,3.933
1/3/07,3.954
1/2/07,3.937
1/1/07,3.943
12/29/06,3.948
12/28/06,3.954
12/27/06,3.925
12/26/06,3.876
12/25/06,3.876
12/22/06,3.881
12/21/06,3.875
12/20/06,3.86
12/19/06,3.864
12/18/06,3.828
12/15/06,3.799
12/14/06,3.782
12/13/06,3.751
12/12/06,3.739
12/11/06,3.745
12/8/06,3.728
12/7/06,3.712
12/6/06,3.688
12/5/06,3.68
12/4/06,3.671
12/1/06,3.664
11/30/06,3.695
11/29/06,3.72
11/28/06,3.705
11/27/06,3.723
11/24/06,3.699
11/23/06,3.745
11/22/06,3.72
11/21/06,3.722
11/20/06,3.719
11/17/06,3.73
11/16/06,3.748
11/15/06,3.74
11/14/06,3.712
11/13/06,3.738
11/10/06,3.714
11/9/06,3.741
11/8/06,3.758
11/7/06,3.739
11/6/06,3.792
11/3/06,3.773
11/2/06,3.74
11/1/06,3.706
10/31/06,3.741
10/30/06,3.793
10/27/06,3.809
10/26/06,3.858
10/25/06,3.884
10/24/06,3.875
10/23/06,3.877
10/20/06,3.839
10/19/06,3.841
10/18/06,3.817
10/17/06,3.8
10/16/06,3.83
10/13/06,3.832
10/12/06,3.803
10/11/06,3.808
10/10/06,3.811
10/9/06,3.76
10/6/06,3.752
10/5/06,3.711
10/4/06,3.697
10/3/06,3.735
10/2/06,3.69
9/29/06,3.709
9/28/06,3.689
9/27/06,3.672
9/26/06,3.658
9/25/06,3.663
9/22/06,3.694
9/21/06,3.752
9/20/06,3.773
9/19/06,3.78
9/18/06,3.831
9/15/06,3.776
9/14/06,3.792
9/13/06,3.79
9/12/06,3.839
9/11/06,3.803
9/8/06,3.787
9/7/06,3.817
9/6/06,3.831
9/5/06,3.787
9/4/06,3.748
9/1/06,3.745
8/31/06,3.76
8/30/06,3.801
8/29/06,3.828
8/28/06,3.795
8/25/06,3.793
8/24/06,3.809
8/23/06,3.827
8/22/06,3.808
8/21/06,3.861
8/18/06,3.902
8/17/06,3.92
8/16/06,3.932
8/15/06,3.97
8/14/06,4.006
8/11/06,3.981
8/10/06,3.933
8/9/06,3.934
8/8/06,3.903
8/7/06,3.907
8/4/06,3.906
8/3/06,3.974
8/2/06,3.934
8/1/06,3.929
7/31/06,3.921
7/28/06,3.92
7/27/06,3.948
7/26/06,3.983
7/25/06,3.963
7/24/06,3.956
7/21/06,3.956
7/20/06,3.985
7/19/06,3.984
7/18/06,4.014
7/17/06,3.993
7/14/06,3.983
7/13/06,4.048
7/12/06,4.087
7/11/06,4.051
7/10/06,4.087
7/7/06,4.065
7/6/06,4.113
7/5/06,4.137
7/4/06,4.078
7/3/06,4.092
6/30/06,4.071
6/29/06,4.066
6/28/06,4.097
6/27/06,4.094
6/26/06,4.092
6/23/06,4.081
6/22/06,4.061
6/21/06,4.015
6/20/06,3.995
6/19/06,3.976
6/16/06,3.939
6/15/06,3.95
6/14/06,3.9
6/13/06,3.868
6/12/06,3.914
6/9/06,3.934
6/8/06,3.936
6/7/06,4.008
6/6/06,3.99
6/5/06,3.97
6/2/06,3.929
6/1/06,3.996
5/31/06,3.982
5/30/06,3.939
5/29/06,3.891
5/26/06,3.884
5/25/06,3.879
5/24/06,3.891
5/23/06,3.932
5/22/06,3.916
5/19/06,3.99
5/18/06,4.032
5/17/06,4.077
5/16/06,3.978
5/15/06,4.018
5/12/06,4.081
5/11/06,4.069
5/10/06,3.989
5/9/06,4.031
5/8/06,4.018
5/5/06,4.002
5/4/06,4.034
5/3/06,4.007
5/2/06,3.984
5/1/06,3.949
4/28/06,3.951
4/27/06,3.966
4/26/06,3.997
4/25/06,3.986
4/24/06,3.941
4/21/06,3.952
4/20/06,3.929
4/19/06,3.954
4/18/06,3.947
4/17/06,3.956
4/14/06,3.957
4/13/06,3.952
4/12/06,3.886
4/11/06,3.875
4/10/06,3.892
4/7/06,3.896
4/6/06,3.896
4/5/06,3.85
4/4/06,3.839
4/3/06,3.822
3/31/06,3.771
3/30/06,3.786
3/29/06,3.761
3/28/06,3.731
3/27/06,3.642
3/24/06,3.634
3/23/06,3.675
3/22/06,3.644
3/21/06,3.665
3/20/06,3.663
3/17/06,3.691
3/16/06,3.658
3/15/06,3.688
3/14/06,3.654
3/13/06,3.712
3/10/06,3.687
3/9/06,3.648
3/8/06,3.644
3/7/06,3.599
3/6/06,3.585
3/3/06,3.591
3/2/06,3.574
3/1/06,3.511
2/28/06,3.489
2/27/06,3.532
2/24/06,3.49
2/23/06,3.479
2/22/06,3.419
2/21/06,3.448
2/20/06,3.436
2/17/06,3.447
2/16/06,3.512
2/15/06,3.506
2/14/06,3.498
2/13/06,3.492
2/10/06,3.476
2/9/06,3.477
2/8/06,3.504
2/7/06,3.514
2/6/06,3.486
2/3/06,3.489
2/2/06,3.508
2/1/06,3.525
1/31/06,3.467
1/30/06,3.473
1/27/06,3.48
1/26/06,3.488
1/25/06,3.433
1/24/06,3.37
1/23/06,3.385
1/20/06,3.375
1/19/06,3.339
1/18/06,3.281
1/17/06,3.267
1/16/06,3.276
1/13/06,3.264
1/12/06,3.275
1/11/06,3.297
1/10/06,3.287
1/9/06,3.259
1/6/06,3.262
1/5/06,3.273
1/4/06,3.285
1/3/06,3.326
1/2/06,3.332
12/30/05,3.309
12/29/05,3.329
12/28/05,3.298
12/27/05,3.325
12/26/05,3.331
12/23/05,3.326
12/22/05,3.357
12/21/05,3.397
12/20/05,3.348
12/19/05,3.339
12/16/05,3.345
12/15/05,3.38
12/14/05,3.367
12/13/05,3.403
12/12/05,3.422
12/9/05,3.445
12/8/05,3.377
12/7/05,3.407
12/6/05,3.373
12/5/05,3.416
12/2/05,3.397
12/1/05,3.407
11/30/05,3.455
11/29/05,3.467
11/28/05,3.418
11/25/05,3.427
11/24/05,3.42
11/23/05,3.499
11/22/05,3.484
11/21/05,3.485
11/18/05,3.539
11/17/05,3.444
11/16/05,3.427
11/15/05,3.506
11/14/05,3.537
11/11/05,3.512
11/10/05,3.523
11/9/05,3.523
11/8/05,3.462
11/7/05,3.501
11/4/05,3.494
11/3/05,3.473
11/2/05,3.46
11/1/05,3.418
10/31/05,3.391
10/28/05,3.406
10/27/05,3.402
10/26/05,3.378
10/25/05,3.312
10/24/05,3.236
10/21/05,3.231
10/20/05,3.29
10/19/05,3.26
10/18/05,3.289
10/17/05,3.295
10/14/05,3.291
10/13/05,3.283
10/12/05,3.223
10/11/05,3.188
10/10/05,3.162
10/7/05,3.176
10/6/05,3.186
10/5/05,3.174
10/4/05,3.185
10/3/05,3.193
9/30/05,3.148
9/29/05,3.157
9/28/05,3.128
9/27/05,3.129
9/26/05,3.122
9/23/05,3.06
9/22/05,3.028
9/21/05,3.024
9/20/05,3.086
9/19/05,3.092
9/16/05,3.137
9/15/05,3.107
9/14/05,3.089
9/13/05,3.093
9/12/05,3.123
9/9/05,3.048
9/8/05,3.068
9/7/05,3.097
9/6/05,3.077
9/5/05,3.05
9/2/05,3.059
9/1/05,3.065
8/31/05,3.102
8/30/05,3.151
8/29/05,3.153
8/26/05,3.15
8/25/05,3.143
8/24/05,3.17
8/23/05,3.176
8/22/05,3.192
8/19/05,3.204
8/18/05,3.205
8/17/05,3.236
8/16/05,3.241
8/15/05,3.284
8/12/05,3.293
8/11/05,3.342
8/10/05,3.35
8/9/05,3.372
8/8/05,3.368
8/5/05,3.377
8/4/05,3.33
8/3/05,3.324
8/2/05,3.331
8/1/05,3.297
7/29/05,3.243
7/28/05,3.232
7/27/05,3.222
7/26/05,3.239
7/25/05,3.213
7/22/05,3.231
7/21/05,3.292
7/20/05,3.301
7/19/05,3.283
7/18/05,3.259
7/15/05,3.283
7/14/05,3.287
7/13/05,3.249
7/12/05,3.226
7/11/05,3.231
7/8/05,3.181
7/7/05,3.184
7/6/05,3.22
7/5/05,3.213
7/4/05,3.173
7/1/05,3.157
6/30/05,3.134
6/29/05,3.187
6/28/05,3.164
6/27/05,3.115
6/24/05,3.135
6/23/05,3.156
6/22/05,3.146
6/21/05,3.222
6/20/05,3.298
6/17/05,3.291
6/16/05,3.313
6/15/05,3.294
6/14/05,3.201
6/13/05,3.188
6/10/05,3.145
6/9/05,3.131
6/8/05,3.128
6/7/05,3.158
6/6/05,3.216
6/3/05,3.237
6/2/05,3.217
6/1/05,3.239
5/31/05,3.274
5/30/05,3.332
5/27/05,3.333
5/26/05,3.323
5/25/05,3.306
5/24/05,3.302
5/23/05,3.339
5/20/05,3.378
5/19/05,3.354
5/18/05,3.33
5/17/05,3.303
5/16/05,3.308
5/13/05,3.307
5/12/05,3.33
5/11/05,3.322
5/10/05,3.36
5/9/05,3.417
5/6/05,3.445
5/5/05,3.401
5/4/05,3.416
5/3/05,3.378
5/2/05,3.399
4/29/05,3.396
4/28/05,3.398
4/27/05,3.413
4/26/05,3.449
4/25/05,3.45
4/22/05,3.469
4/21/05,3.486
4/20/05,3.455
4/19/05,3.443
4/18/05,3.46
4/15/05,3.491
4/14/05,3.531
4/13/05,3.513
4/12/05,3.545
4/11/05,3.557
4/8/05,3.58
4/7/05,3.549
4/6/05,3.59
4/5/05,3.597
4/4/05,3.584
4/1/05,3.613
3/31/05,3.622
3/30/05,3.672
3/29/05,3.703
3/28/05,3.711
3/25/05,3.71
3/24/05,3.705
3/23/05,3.738
3/22/05,3.687
3/21/05,3.731
3/18/05,3.703
3/17/05,3.681
3/16/05,3.668
3/15/05,3.712
3/14/05,3.771
3/11/05,3.767
3/10/05,3.776
3/9/05,3.764
3/8/05,3.712
3/7/05,3.671
3/4/05,3.696
3/3/05,3.759
3/2/05,3.775
3/1/05,3.733
2/28/05,3.715
2/25/05,3.71
2/24/05,3.724
2/23/05,3.695
2/22/05,3.696
2/21/05,3.7
2/18/05,3.664
2/17/05,3.573
2/16/05,3.548
2/15/05,3.513
2/14/05,3.488
2/11/05,3.463
2/10/05,3.445
2/9/05,3.444
2/8/05,3.463
2/7/05,3.482
2/4/05,3.497
2/3/05,3.561
2/2/05,3.548
2/1/05,3.534
1/31/05,3.547
1/28/05,3.549
1/27/05,3.593
1/26/05,3.565
1/25/05,3.554
1/24/05,3.546
1/21/05,3.573
1/20/05,3.574
1/19/05,3.523
1/18/05,3.542
1/17/05,3.545
1/14/05,3.56
1/13/05,3.561
1/12/05,3.602
1/11/05,3.598
1/10/05,3.592
1/7/05,3.61
1/6/05,3.625
1/5/05,3.654
1/4/05,3.653
1/3/05,3.639
12/31/04,3.683
12/30/04,3.688
12/29/04,3.712
12/28/04,3.677
12/27/04,3.619
12/24/04,3.601
12/23/04,3.598
12/22/04,3.629
12/21/04,3.626
12/20/04,3.598
12/17/04,3.619
12/16/04,3.574
12/15/04,3.538
12/14/04,3.596
12/13/04,3.597
12/10/04,3.612
12/9/04,3.623
12/8/04,3.648
12/7/04,3.681
12/6/04,3.711
12/3/04,3.752
12/2/04,3.827
12/1/04,3.776
11/30/04,3.793
11/29/04,3.816
11/26/04,3.773
11/25/04,3.774
11/24/04,3.798
11/23/04,3.743
11/22/04,3.76
11/19/04,3.785
11/18/04,3.808
11/17/04,3.763
11/16/04,3.747
11/15/04,3.772
11/12/04,3.778
11/11/04,3.817
11/10/04,3.866
11/9/04,3.862
11/8/04,3.898
11/5/04,3.903
11/4/04,3.843
11/3/04,3.894
11/2/04,3.905
11/1/04,3.866
10/29/04,3.873
10/28/04,3.89
10/27/04,3.845
10/26/04,3.829
10/25/04,3.825
10/22/04,3.862
10/21/04,3.867
10/20/04,3.865
10/19/04,3.912
10/18/04,3.89
10/15/04,3.9
10/14/04,3.89
10/13/04,3.915
10/12/04,3.913
10/11/04,3.955
10/8/04,3.947
10/7/04,4.017
10/6/04,3.994
10/5/04,3.996
10/4/04,4.034
10/1/04,4.023
9/30/04,3.991
9/29/04,3.989
9/28/04,3.95
9/27/04,3.942
9/24/04,3.971
9/23/04,3.948
9/22/04,3.979
9/21/04,4.017
9/20/04,4.01
9/17/04,4.025
9/16/04,4.053
9/15/04,4.063
9/14/04,4.058
9/13/04,4.071
9/10/04,4.057
9/9/04,4.08
9/8/04,4.136
9/7/04,4.142
9/6/04,4.136
9/3/04,4.148
9/2/04,4.071
9/1/04,4.04
8/31/04,4.023
8/30/04,4.065
8/27/04,4.071
8/26/04,4.068
8/25/04,4.078
8/24/04,4.115
8/23/04,4.116
8/20/04,4.063
8/19/04,4.074
8/18/04,4.082
8/17/04,4.068
8/16/04,4.089
8/13/04,4.047
8/12/04,4.072
8/11/04,4.093
8/10/04,4.065
8/9/04,4.079
8/6/04,4.074
8/5/04,4.152
8/4/04,4.178
8/3/04,4.191
8/2/04,4.2
7/30/04,4.216
7/29/04,4.273
7/28/04,4.298
7/27/04,4.289
7/26/04,4.27
7/23/04,4.247
7/22/04,4.251
7/21/04,4.283
7/20/04,4.214
7/19/04,4.196
7/16/04,4.197
7/15/04,4.258
7/14/04,4.258
7/13/04,4.267
7/12/04,4.22
7/9/04,4.235
7/8/04,4.232
7/7/04,4.236
7/6/04,4.259
7/5/04,4.259
7/2/04,4.262
7/1/04,4.32
6/30/04,4.318
6/29/04,4.371
6/28/04,4.37
6/25/04,4.325
6/24/04,4.299
6/23/04,4.363
6/22/04,4.362
6/21/04,4.342
6/18/04,4.353
6/17/04,4.385
6/16/04,4.373
6/15/04,4.346
6/14/04,4.423
6/11/04,4.426
6/10/04,4.403
6/9/04,4.396
6/8/04,4.365
6/7/04,4.383
6/4/04,4.395
6/3/04,4.387
6/2/04,4.383
6/1/04,4.369
5/31/04,4.374
5/28/04,4.328
5/27/04,4.284
5/26/04,4.33
5/25/04,4.322
5/24/04,4.337
5/21/04,4.31
5/20/04,4.328
5/19/04,4.343
5/18/04,4.293
5/17/04,4.273
5/14/04,4.309
5/13/04,4.348
5/12/04,4.325
5/11/04,4.292
5/10/04,4.291
5/7/04,4.302
5/6/04,4.215
5/5/04,4.163
5/4/04,4.157
5/3/04,4.152
4/30/04,4.175
4/29/04,4.196
4/28/04,4.193
4/27/04,4.19
4/26/04,4.187
4/23/04,4.181
4/22/04,4.163
4/21/04,4.167
4/20/04,4.151
4/19/04,4.112
4/16/04,4.113
4/15/04,4.156
4/14/04,4.168
4/13/04,4.144
4/12/04,4.067
4/9/04,4.067
4/8/04,4.068
4/7/04,4.056
4/6/04,4.081
4/5/04,4.101
4/2/04,4.08
4/1/04,3.957
3/31/04,3.931
3/30/04,3.943
3/29/04,3.954
3/26/04,3.87
3/25/04,3.846
3/24/04,3.86
3/23/04,3.888
3/22/04,3.87
3/19/04,3.891
3/18/04,3.884
3/17/04,3.89
3/16/04,3.926
3/15/04,3.885
3/12/04,3.901
3/11/04,3.909
3/10/04,3.928
3/9/04,3.91
3/8/04,3.926
3/5/04,3.984
3/4/04,4.095
3/3/04,4.12
3/2/04,4.07
3/1/04,4.054
2/27/04,4.051
2/26/04,4.088
2/25/04,4.082
2/24/04,4.086
2/23/04,4.128
2/20/04,4.135
2/19/04,4.122
2/18/04,4.08
2/17/04,4.083
2/16/04,4.109
2/13/04,4.103
2/12/04,4.119
2/11/04,4.115
2/10/04,4.138
2/9/04,4.132
2/6/04,4.144
2/5/04,4.177
2/4/04,4.195
2/3/04,4.206
2/2/04,4.229
1/30/04,4.24
1/29/04,4.264
1/28/04,4.147
1/27/04,4.15
1/26/04,4.167
1/23/04,4.095
1/22/04,4.138
1/21/04,4.157
1/20/04,4.137
1/19/04,4.163
1/16/04,4.153
1/15/04,4.148
1/14/04,4.154
1/13/04,4.141
1/12/04,4.123
1/9/04,4.141
1/8/04,4.229
1/7/04,4.245
1/6/04,4.262
1/5/04,4.325
1/2/04,4.33
1/1/04,4.292
12/31/03,4.292
12/30/03,4.296
12/29/03,4.264
12/26/03,4.25
12/25/03,4.25
12/24/03,4.251
12/23/03,4.249
12/22/03,4.267
12/19/03,4.289
12/18/03,4.264
12/17/03,4.267
12/16/03,4.307
12/15/03,4.309
12/12/03,4.304
12/11/03,4.376
12/10/03,4.355
12/9/03,4.37
12/8/03,4.351
12/5/03,4.344
12/4/03,4.451
12/3/03,4.46
12/2/03,4.47
12/1/03,4.495
11/28/03,4.457
11/27/03,4.457
11/26/03,4.412
11/25/03,4.416
11/24/03,4.405
11/21/03,4.323
11/20/03,4.35
11/19/03,4.366
11/18/03,4.318
11/17/03,4.341
11/14/03,4.365
11/13/03,4.422
11/12/03,4.474
11/11/03,4.473
11/10/03,4.48
11/7/03,4.497
11/6/03,4.456
11/5/03,4.375
11/4/03,4.363
11/3/03,4.394
10/31/03,4.331
10/30/03,4.37
10/29/03,4.33
10/28/03,4.304
10/27/03,4.288
10/24/03,4.266
10/23/03,4.288
10/22/03,4.236
10/21/03,4.267
10/20/03,4.309
10/17/03,4.315
10/16/03,4.299
10/15/03,4.332
10/14/03,4.262
10/13/03,4.276
10/10/03,4.206
10/9/03,4.275
10/8/03,4.19
10/7/03,4.18
10/6/03,4.169
10/3/03,4.211
10/2/03,4.107
10/1/03,4
9/30/03,3.999
9/29/03,4.047
9/26/03,4.023
9/25/03,4.096
9/24/03,4.116
9/23/03,4.094
9/22/03,4.129
9/19/03,4.169
9/18/03,4.195
9/17/03,4.183
9/16/03,4.198
9/15/03,4.166
9/12/03,4.144
9/11/03,4.272
9/10/03,4.24
9/9/03,4.312
9/8/03,4.249
9/5/03,4.325
9/4/03,4.357
9/3/03,4.357
9/2/03,4.367
9/1/03,4.233
8/29/03,4.193
8/28/03,4.182
8/27/03,4.216
8/26/03,4.18
8/25/03,4.178
8/22/03,4.182
8/21/03,4.186
8/20/03,4.183
8/19/03,4.138
8/18/03,4.18
8/15/03,4.158
8/14/03,4.212
8/13/03,4.193
8/12/03,4.076
8/11/03,4.069
8/8/03,4.012
8/7/03,4.102
8/6/03,4.135
8/5/03,4.171
8/4/03,4.139
8/1/03,4.191
7/31/03,4.199
7/30/03,4.123
7/29/03,4.119
7/28/03,4.12
7/25/03,4.002
7/24/03,4.07
7/23/03,4.024
7/22/03,4.068
7/21/03,4.087
7/18/03,4.03
7/17/03,4.084
7/16/03,4.037
7/15/03,4.012
7/14/03,3.885
7/11/03,3.913
7/10/03,3.913
7/9/03,3.976
7/8/03,3.979
7/7/03,3.982
7/4/03,3.927
7/3/03,3.972
7/2/03,3.847
7/1/03,3.799
6/30/03,3.802
6/27/03,3.848
6/26/03,3.806
6/25/03,3.643
6/24/03,3.682
6/23/03,3.681
6/20/03,3.697
6/19/03,3.687
6/18/03,3.684
6/17/03,3.551
6/16/03,3.499
6/13/03,3.465
6/12/03,3.523
6/11/03,3.522
6/10/03,3.555
6/9/03,3.592
6/6/03,3.679
6/5/03,3.609
6/4/03,3.67
6/3/03,3.644
6/2/03,3.757
5/30/03,3.721
5/29/03,3.708
5/28/03,3.774
5/27/03,3.676
5/26/03,3.616
5/23/03,3.64
5/22/03,3.7
5/21/03,3.717
5/20/03,3.746
5/19/03,3.755
5/16/03,3.824
5/15/03,3.874
5/14/03,3.906
5/13/03,3.902
5/12/03,3.907
5/9/03,3.926
5/8/03,3.944
5/7/03,3.973
5/6/03,4.083
5/5/03,4.077
5/2/03,4.082
5/1/03,4.082
4/30/03,4.092
4/29/03,4.146
4/28/03,4.12
4/25/03,4.101
4/24/03,4.108
4/23/03,4.166
4/22/03,4.125
4/21/03,4.171
4/18/03,4.172
4/17/03,4.157
4/16/03,4.172
4/15/03,4.209
4/14/03,4.233
4/11/03,4.207
4/10/03,4.145
4/9/03,4.205
4/8/03,4.226
4/7/03,4.257
4/4/03,4.186
4/3/03,4.178
4/2/03,4.12
4/1/03,4.035
3/31/03,4.044
3/28/03,4.129
3/27/03,4.156
3/26/03,4.201
3/25/03,4.206
3/24/03,4.206
3/21/03,4.277
3/20/03,4.196
3/19/03,4.227
3/18/03,4.133
3/17/03,4.154
3/14/03,4.025
3/13/03,3.971
3/12/03,3.831
3/11/03,3.819
3/10/03,3.805
3/7/03,3.839
3/6/03,3.87
3/5/03,3.881
3/4/03,3.895
3/3/03,3.899
2/28/03,3.918
2/27/03,3.954
2/26/03,3.894
2/25/03,3.878
2/24/03,3.887
2/21/03,3.937
2/20/03,3.904
2/19/03,3.927
2/18/03,3.996
2/17/03,3.983
2/14/03,3.976
2/13/03,3.931
2/12/03,3.964
2/11/03,4.011
2/10/03,4.016
2/7/03,3.997
2/6/03,4.025
2/5/03,4.027
2/4/03,4.017
2/3/03,4.081
1/31/03,4.072
1/30/03,4.085
1/29/03,4.044
1/28/03,4.054
1/27/03,4.022
1/24/03,4.025
1/23/03,4.097
1/22/03,4.12
1/21/03,4.131
1/20/03,4.152
1/17/03,4.181
1/16/03,4.263
1/15/03,4.269
1/14/03,4.272
1/13/03,4.286
1/10/03,4.265
1/9/03,4.284
1/8/03,4.272
1/7/03,4.286
1/6/03,4.312
1/3/03,4.333
1/2/03,4.311
1/1/03,4.204
12/31/02,4.204
12/30/02,4.211
12/27/02,4.198
12/26/02,4.286
12/25/02,4.286
12/24/02,4.287
12/23/02,4.283
12/20/02,4.295
12/19/02,4.293
12/18/02,4.286
12/17/02,4.331
12/16/02,4.344
12/13/02,4.32
12/12/02,4.318
12/11/02,4.36
12/10/02,4.378
12/9/02,4.384
12/6/02,4.412
12/5/02,4.451
12/4/02,4.476
12/3/02,4.474
12/2/02,4.52
11/29/02,4.491
11/28/02,4.526
11/27/02,4.541
11/26/02,4.486
11/25/02,4.541
11/22/02,4.511
11/21/02,4.499
11/20/02,4.414
11/19/02,4.44
11/18/02,4.469
11/15/02,4.458
11/14/02,4.463
11/13/02,4.409
11/12/02,4.395
11/11/02,4.438
11/8/02,4.471
11/7/02,4.545
11/6/02,4.621
11/5/02,4.613
11/4/02,4.567
11/1/02,4.552
10/31/02,4.511
10/30/02,4.552
10/29/02,4.498
10/28/02,4.554
10/25/02,4.595
10/24/02,4.637
10/23/02,4.592
10/22/02,4.645
10/21/02,4.614
10/18/02,4.6
10/17/02,4.591
10/16/02,4.605
10/15/02,4.565
10/14/02,4.462
10/11/02,4.425
10/10/02,4.355
10/9/02,4.299
10/8/02,4.303
10/7/02,4.321
10/4/02,4.366
10/3/02,4.384
10/2/02,4.381
10/1/02,4.302
9/30/02,4.272
9/27/02,4.342
9/26/02,4.344
9/25/02,4.318
9/24/02,4.281
9/23/02,4.309
9/20/02,4.357
9/19/02,4.308
9/18/02,4.338
9/17/02,4.367
9/16/02,4.359
9/13/02,4.413
9/12/02,4.45
9/11/02,4.521
9/10/02,4.463
9/9/02,4.411
9/6/02,4.406
9/5/02,4.403
9/4/02,4.429
9/3/02,4.429
9/2/02,4.503
8/30/02,4.568
8/29/02,4.563
8/28/02,4.581
8/27/02,4.653
8/26/02,4.659
8/23/02,4.654
8/22/02,4.687
8/21/02,4.652
8/20/02,4.559
8/19/02,4.605
8/16/02,4.57
8/15/02,4.57
8/14/02,4.435
8/13/02,4.499
8/12/02,4.535
8/9/02,4.561
8/8/02,4.596
8/7/02,4.556
8/6/02,4.618
8/5/02,4.564
8/2/02,4.632
8/1/02,4.7
7/31/02,4.752
7/30/02,4.795
7/29/02,4.787
7/26/02,4.729
7/25/02,4.745
7/24/02,4.735
7/23/02,4.812
7/22/02,4.81
7/19/02,4.84
7/18/02,4.884
7/17/02,4.897
7/16/02,4.868
7/15/02,4.828
7/12/02,4.875
7/11/02,4.894
7/10/02,4.945
7/9/02,5.006
7/8/02,4.998
7/5/02,5.015
7/4/02,4.972
7/3/02,4.934
7/2/02,4.925
7/1/02,4.973
6/28/02,4.942
6/27/02,4.92
6/26/02,4.897
6/25/02,4.977
6/24/02,4.928
6/21/02,4.966
6/20/02,4.97
6/19/02,4.952
6/18/02,4.984
6/17/02,5.008
6/14/02,4.973
6/13/02,5.022
6/12/02,5.09
6/11/02,5.125
6/10/02,5.105
6/7/02,5.131
6/6/02,5.13
6/5/02,5.126
6/4/02,5.127
6/3/02,5.164
5/31/02,5.168
5/30/02,5.14
5/29/02,5.155
5/28/02,5.169
5/27/02,5.19
5/24/02,5.16
5/23/02,5.146
5/22/02,5.164
5/21/02,5.18
5/20/02,5.189
5/17/02,5.258
5/16/02,5.238
5/15/02,5.252
5/14/02,5.254
5/13/02,5.202
5/10/02,5.199
5/9/02,5.193
5/8/02,5.16
5/7/02,5.102
5/6/02,5.115
5/3/02,5.116
5/2/02,5.181
5/1/02,5.127
4/30/02,5.122
4/29/02,5.134
4/26/02,5.092
4/25/02,5.109
4/24/02,5.151
4/23/02,5.19
4/22/02,5.159
4/19/02,5.204
4/18/02,5.201
4/17/02,5.187
4/16/02,5.184
4/15/02,5.109
4/12/02,5.148
4/11/02,5.152
4/10/02,5.187
4/9/02,5.177
4/8/02,5.165
4/5/02,5.135
4/4/02,5.141
4/3/02,5.201
4/2/02,5.252
4/1/02,5.256
3/29/02,5.255
3/28/02,5.251
3/27/02,5.224
3/26/02,5.239
3/25/02,5.278
3/22/02,5.257
3/21/02,5.227
3/20/02,5.213
3/19/02,5.202
3/18/02,5.209
3/15/02,5.226
3/14/02,5.22
3/13/02,5.184
3/12/02,5.165
3/11/02,5.156
3/8/02,5.176
3/7/02,5.176
3/6/02,5.141
3/5/02,5.087
3/4/02,5.033
3/1/02,5.009
2/28/02,4.964
2/27/02,4.972
2/26/02,4.97
2/25/02,4.966
2/22/02,4.921
2/21/02,4.977
2/20/02,4.951
2/19/02,4.939
2/18/02,4.921
2/15/02,4.924
2/14/02,4.965
2/13/02,4.992
2/12/02,4.973
2/11/02,4.93
2/8/02,4.915
2/7/02,4.927
2/6/02,4.825
2/5/02,4.809
2/4/02,4.829
2/1/02,4.88
1/31/02,4.905
1/30/02,4.929
1/29/02,4.953
1/28/02,4.974
1/25/02,4.972
1/24/02,4.884
1/23/02,4.818
1/22/02,4.857
1/21/02,4.805
1/18/02,4.832
1/17/02,4.794
1/16/02,4.761
1/15/02,4.772
1/14/02,4.751
1/11/02,4.823
1/10/02,4.861
1/9/02,4.907
1/8/02,4.857
1/7/02,4.86
1/4/02,4.975
1/3/02,4.941
1/2/02,4.983
1/1/02,4.998
12/31/01,4.998
12/28/01,4.996
12/27/01,4.939
12/26/01,4.875
12/25/01,4.875
12/24/01,4.871
12/21/01,4.874
12/20/01,4.818
12/19/01,4.79
12/18/01,4.828
12/17/01,4.855
12/14/01,4.763
12/13/01,4.772
12/12/01,4.709
12/11/01,4.785
12/10/01,4.834
12/7/01,4.861
12/6/01,4.747
12/5/01,4.69
12/4/01,4.498
12/3/01,4.524
11/30/01,4.555
11/29/01,4.599
11/28/01,4.653
11/27/01,4.705
11/26/01,4.572
11/23/01,4.602
11/22/01,4.631
11/21/01,4.623
11/20/01,4.545
11/19/01,4.536
11/16/01,4.559
11/15/01,4.538
11/14/01,4.474
11/13/01,4.397
11/12/01,4.312
11/9/01,4.319
11/8/01,4.303
11/7/01,4.266
11/6/01,4.318
11/5/01,4.307
11/2/01,4.334
11/1/01,4.265
10/31/01,4.397
10/30/01,4.404
10/29/01,4.457
10/26/01,4.502
10/25/01,4.512
10/24/01,4.566
10/23/01,4.613
10/22/01,4.604
10/19/01,4.625
10/18/01,4.626
10/17/01,4.653
10/16/01,4.645
10/15/01,4.658
10/12/01,4.692
10/11/01,4.722
10/10/01,4.693
10/9/01,4.7
10/8/01,4.667
10/5/01,4.653
10/4/01,4.683
10/3/01,4.662
10/2/01,4.712
10/1/01,4.766
9/28/01,4.791
9/27/01,4.78
9/26/01,4.816
9/25/01,4.839
9/24/01,4.9
9/21/01,4.886
9/20/01,4.848
9/19/01,4.834
9/18/01,4.816
9/17/01,4.804
9/14/01,4.77
9/13/01,4.838
9/12/01,4.823
9/11/01,4.804
9/10/01,4.856
9/7/01,4.821
9/6/01,4.864
9/5/01,4.903
9/4/01,4.887
9/3/01,4.785
8/31/01,4.788
8/30/01,4.773
8/29/01,4.804
8/28/01,4.81
8/27/01,4.871
8/24/01,4.88
8/23/01,4.845
8/22/01,4.837
8/21/01,4.814
8/20/01,4.774
8/17/01,4.755
8/16/01,4.806
8/15/01,4.818
8/14/01,4.829
8/13/01,4.79
8/10/01,4.802
8/9/01,4.832
8/8/01,4.901
8/7/01,4.897
8/6/01,4.894
8/3/01,4.909
8/2/01,4.922
8/1/01,4.906
7/31/01,4.88
7/30/01,4.903
7/27/01,4.904
7/26/01,4.956
7/25/01,4.97
7/24/01,4.951
7/23/01,4.957
7/20/01,4.957
7/19/01,4.995
7/18/01,5.009
7/17/01,5.031
7/16/01,5.05
7/13/01,5.077
7/12/01,5.059
7/11/01,5.052
7/10/01,5.097
7/9/01,5.114
7/6/01,5.08
7/5/01,5.113
7/4/01,5.121
7/3/01,5.127
7/2/01,5.093
6/29/01,5.103
6/28/01,5.018
6/27/01,4.972
6/26/01,4.981
6/25/01,4.95
6/22/01,4.94
6/21/01,4.952
6/20/01,4.992
6/19/01,5.02
6/18/01,4.996
6/15/01,5.014
6/14/01,5.023
6/13/01,5.086
6/12/01,5.083
6/11/01,5.058
6/8/01,5.073
6/7/01,5.077
6/6/01,5.042
6/5/01,5.013
6/4/01,5.07
6/1/01,5.076
5/31/01,5.173
5/30/01,5.153
5/29/01,5.151
5/28/01,5.182
5/25/01,5.199
5/24/01,5.175
5/23/01,5.155
5/22/01,5.111
5/21/01,5.072
5/18/01,5.07
5/17/01,5.071
5/16/01,5.08
5/15/01,5.097
5/14/01,5.087
5/11/01,5.016
5/10/01,4.933
5/9/01,4.934
5/8/01,4.948
5/7/01,4.953
5/4/01,4.955
5/3/01,4.987
5/2/01,5.02
5/1/01,5.022
4/30/01,5.032
4/27/01,4.974
4/26/01,4.907
4/25/01,4.954
4/24/01,4.963
4/23/01,4.92
4/20/01,4.951
4/19/01,4.976
4/18/01,4.907
4/17/01,4.886
4/16/01,4.857
4/13/01,4.857
4/12/01,4.846
4/11/01,4.844
4/10/01,4.77
4/9/01,4.722
4/6/01,4.713
4/5/01,4.756
4/4/01,4.753
4/3/01,4.712
4/2/01,4.719
3/30/01,4.705
3/29/01,4.702
3/28/01,4.666
3/27/01,4.661
3/26/01,4.639
3/23/01,4.621
3/22/01,4.603
3/21/01,4.659
3/20/01,4.699
3/19/01,4.688
3/16/01,4.665
3/15/01,4.697
3/14/01,4.697
3/13/01,4.735
3/12/01,4.708
3/9/01,4.717
3/8/01,4.709
3/7/01,4.751
3/6/01,4.751
3/5/01,4.758
3/2/01,4.735
3/1/01,4.746
2/28/01,4.754
2/27/01,4.757
2/26/01,4.83
2/23/01,4.828
2/22/01,4.852
2/21/01,4.84
2/20/01,4.819
2/19/01,4.802
2/16/01,4.818
2/15/01,4.841
2/14/01,4.784
2/13/01,4.761
2/12/01,4.764
2/9/01,4.771
2/8/01,4.796
2/7/01,4.755
2/6/01,4.774
2/5/01,4.768
2/2/01,4.787
2/1/01,4.789
1/31/01,4.797
1/30/01,4.822
1/29/01,4.849
1/26/01,4.852
1/25/01,4.878
1/24/01,4.877
1/23/01,4.846
1/22/01,4.866
1/19/01,4.844
1/18/01,4.811
1/17/01,4.822
1/16/01,4.848
1/15/01,4.821
1/12/01,4.824
1/11/01,4.759
1/10/01,4.785
1/9/01,4.75
1/8/01,4.706
1/5/01,4.693
1/4/01,4.73
1/3/01,4.719
1/2/01,4.74
1/1/01,4.849
12/29/00,4.851
12/28/00,4.905
12/27/00,4.863
12/26/00,4.866
12/25/00,4.866
12/22/00,4.871
12/21/00,4.868
12/20/00,4.848
12/19/00,4.884
12/18/00,4.848
12/15/00,4.874
12/14/00,4.913
12/13/00,4.935
12/12/00,4.986
12/11/00,4.967
12/8/00,4.958
12/7/00,4.945
12/6/00,4.93
12/5/00,4.945
12/4/00,4.943
12/1/00,4.998
11/30/00,5
11/29/00,5.072
11/28/00,5.078
11/27/00,5.119
11/24/00,5.12
11/23/00,5.134
11/22/00,5.135
11/21/00,5.185
11/20/00,5.172
11/17/00,5.185
11/16/00,5.18
11/15/00,5.197
11/14/00,5.186
11/13/00,5.184
11/10/00,5.218
11/9/00,5.227
11/8/00,5.248
11/7/00,5.238
11/6/00,5.227
11/3/00,5.212
11/2/00,5.209
11/1/00,5.197
10/31/00,5.215
10/30/00,5.217
10/27/00,5.209
10/26/00,5.232
10/25/00,5.249
10/24/00,5.206
10/23/00,5.204
10/20/00,5.198
10/19/00,5.202
10/18/00,5.198
10/17/00,5.219
10/16/00,5.21
10/13/00,5.197
10/12/00,5.173
10/11/00,5.184
10/10/00,5.222
10/9/00,5.22
10/6/00,5.252
10/5/00,5.27
10/4/00,5.251
10/3/00,5.242
10/2/00,5.237
9/29/00,5.23
9/28/00,5.264
9/27/00,5.289
9/26/00,5.247
9/25/00,5.272
9/22/00,5.238
9/21/00,5.275
9/20/00,5.319
9/19/00,5.318
9/18/00,5.341
9/15/00,5.297
9/14/00,5.27
9/13/00,5.278
9/12/00,5.283
9/11/00,5.274
9/8/00,5.277
9/7/00,5.245
9/6/00,5.232
9/5/00,5.209
9/4/00,5.194
9/1/00,5.187
8/31/00,5.298
8/30/00,5.299
8/29/00,5.3
8/28/00,5.248
8/25/00,5.23
8/24/00,5.216
8/23/00,5.218
8/22/00,5.244
8/21/00,5.258
8/18/00,5.208
8/17/00,5.207
8/16/00,5.205
8/15/00,5.199
8/14/00,5.156
8/11/00,5.135
8/10/00,5.147
8/9/00,5.171
8/8/00,5.193
8/7/00,5.166
8/4/00,5.187
8/3/00,5.188
8/2/00,5.175
8/1/00,5.157
7/31/00,5.206
7/28/00,5.198
7/27/00,5.173
7/26/00,5.165
7/25/00,5.218
7/24/00,5.257
7/21/00,5.258
7/20/00,5.268
7/19/00,5.314
7/18/00,5.329
7/17/00,5.324
7/14/00,5.302
7/13/00,5.255
7/12/00,5.275
7/11/00,5.244
7/10/00,5.283
7/7/00,5.258
7/6/00,5.309
7/5/00,5.232
7/4/00,5.269
7/3/00,5.267
6/30/00,5.221
6/29/00,5.2
6/28/00,5.249
6/27/00,5.244
6/26/00,5.236
6/23/00,5.257
6/22/00,5.23
6/21/00,5.202
6/20/00,5.112
6/19/00,5.111
6/16/00,5.09
6/15/00,5.161
6/14/00,5.151
6/13/00,5.119
6/12/00,5.153
6/9/00,5.147
6/8/00,5.185
6/7/00,5.126
6/6/00,5.138
6/5/00,5.095
6/2/00,5.089
6/1/00,5.113
5/31/00,5.191
5/30/00,5.241
5/29/00,5.239
5/26/00,5.202
5/25/00,5.259
5/24/00,5.313
5/23/00,5.342
5/22/00,5.333
5/19/00,5.416
5/18/00,5.422
5/17/00,5.414
5/16/00,5.348
5/15/00,5.375
5/12/00,5.394
5/11/00,5.419
5/10/00,5.482
5/9/00,5.502
5/8/00,5.538
5/5/00,5.447
5/4/00,5.453
5/3/00,5.412
5/2/00,5.343
5/1/00,5.297
4/28/00,5.298
4/27/00,5.301
4/26/00,5.283
4/25/00,5.335
4/24/00,5.289
4/21/00,5.298
4/20/00,5.294
4/19/00,5.28
4/18/00,5.253
4/17/00,5.225
4/14/00,5.237
4/13/00,5.198
4/12/00,5.186
4/11/00,5.162
4/10/00,5.163
4/7/00,5.184
4/6/00,5.202
4/5/00,5.132
4/4/00,5.182
4/3/00,5.194
3/31/00,5.216
3/30/00,5.257
3/29/00,5.308
3/28/00,5.278
3/27/00,5.316
3/24/00,5.248
3/23/00,5.199
3/22/00,5.257
3/21/00,5.221
3/20/00,5.242
3/17/00,5.241
3/16/00,5.272
3/15/00,5.333
3/14/00,5.359
3/13/00,5.325
3/10/00,5.37
3/9/00,5.344
3/8/00,5.453
3/7/00,5.432
3/6/00,5.454
3/3/00,5.461
3/2/00,5.527
3/1/00,5.486
2/29/00,5.5
2/28/00,5.488
2/25/00,5.45
2/24/00,5.398
2/23/00,5.443
2/22/00,5.415
2/21/00,5.514
2/18/00,5.571
2/17/00,5.594
2/16/00,5.594
2/15/00,5.562
2/14/00,5.532
2/11/00,5.592
2/10/00,5.595
2/9/00,5.517
2/8/00,5.482
2/7/00,5.53
2/4/00,5.494
2/3/00,5.443
2/2/00,5.47
2/1/00,5.459
1/31/00,5.541
1/28/00,5.63
1/27/00,5.628
1/26/00,5.526
1/25/00,5.515
1/24/00,5.57
1/21/00,5.584
1/20/00,5.581
1/19/00,5.601
1/18/00,5.644
1/17/00,5.559
1/14/00,5.552
1/13/00,5.514
1/12/00,5.549
1/11/00,5.541
1/10/00,5.415
1/7/00,5.443
1/6/00,5.545
1/5/00,5.516
1/4/00,5.492
12/31/99,5.358
12/30/99,5.355
12/29/99,5.309
12/28/99,5.297
12/27/99,5.249
12/24/99,5.244
12/23/99,5.243
12/22/99,5.263
12/21/99,5.23
12/20/99,5.265
12/17/99,5.242
12/16/99,5.199
12/15/99,5.042
12/14/99,5.088
12/13/99,5.021
12/10/99,4.973
12/9/99,5.037
12/8/99,5.069
12/7/99,5.028
12/6/99,5.051
12/3/99,5.136
12/2/99,5.19
12/1/99,5.098
11/30/99,5.125
11/29/99,5.229
11/26/99,5.212
11/25/99,5.159
11/24/99,5.169
11/23/99,5.1
11/22/99,5.093
11/19/99,5.075
11/18/99,5.034
11/17/99,4.978
11/16/99,4.859
11/15/99,4.92
11/12/99,4.88
11/11/99,4.985
11/10/99,5
11/9/99,4.966