Date,Momentum
09-09-2022,1003.61
08-09-2022,1007.2
07-09-2022,1009.4
06-09-2022,1011.35
02-09-2022,1009.94
01-09-2022,1008.51
31-08-2022,1010.24
30-08-2022,1010.36
29-08-2022,1012.14
26-08-2022,1011.04
25-08-2022,1006.2
24-08-2022,1009.22
23-08-2022,1009.67
22-08-2022,1006.1
19-08-2022,1000.92
18-08-2022,994.22
17-08-2022,991.48
16-08-2022,984.49
15-08-2022,984.98
12-08-2022,984.44
11-08-2022,986.14
10-08-2022,987.9
09-08-2022,992.79
08-08-2022,983.93
05-08-2022,986.77
04-08-2022,984.53
03-08-2022,984.31
02-08-2022,990.56
01-08-2022,991.36
29-07-2022,992.63
28-07-2022,990.61
27-07-2022,988.78
26-07-2022,993.01
25-07-2022,987.63
22-07-2022,984.15
21-07-2022,980.05
20-07-2022,982.18
19-07-2022,988.18
18-07-2022,992.17
15-07-2022,993.66
14-07-2022,996.42
13-07-2022,994.91
12-07-2022,993.33
11-07-2022,998.35
08-07-2022,991.93
07-07-2022,987.88
06-07-2022,990.33
05-07-2022,988.99
01-07-2022,998.71
30-06-2022,1003.45
29-06-2022,1001.15
28-06-2022,999.11
27-06-2022,996.5
24-06-2022,992.19
23-06-2022,994.15
22-06-2022,1003.14
21-06-2022,1007.76
17-06-2022,1004.22
16-06-2022,1008.81
15-06-2022,1006.79
14-06-2022,1011.76
13-06-2022,1009.96
10-06-2022,1007.04
09-06-2022,1002.88
08-06-2022,1000.36
07-06-2022,1003.56
06-06-2022,1002.28
03-06-2022,1002.16
02-06-2022,998.15
01-06-2022,1003.21
31-05-2022,999.07
27-05-2022,998.59
26-05-2022,999.84
25-05-2022,1000.07
24-05-2022,1001.02
23-05-2022,997.72
20-05-2022,994.33
19-05-2022,995.18
18-05-2022,997.86
17-05-2022,1000.02
16-05-2022,1003.45
13-05-2022,1000.19
12-05-2022,1005.56
11-05-2022,1013.62
10-05-2022,1007.74
09-05-2022,1000.86
06-05-2022,1005.25
05-05-2022,1005.61
04-05-2022,1004.55
03-05-2022,1007.27
02-05-2022,1006.66
29-04-2022,1013.12
28-04-2022,1013.65
27-04-2022,1015.15
26-04-2022,1011.75
25-04-2022,1010.35
22-04-2022,1011.51
21-04-2022,1013.85
20-04-2022,1016.15
19-04-2022,1010.62
18-04-2022,1013.34
14-04-2022,1011.1
13-04-2022,1009.89
12-04-2022,1007.94
11-04-2022,1006.54
08-04-2022,1008.5
07-04-2022,1008.32
06-04-2022,1005.78
05-04-2022,1003.62
04-04-2022,1001.45
01-04-2022,1006.7
31-03-2022,1007.78
30-03-2022,1004.3
29-03-2022,1002.72
28-03-2022,1009.4
25-03-2022,1007.8
24-03-2022,1005.7
23-03-2022,1004.82
22-03-2022,1002.65
21-03-2022,1004.06
18-03-2022,1001.99
17-03-2022,1002.92
16-03-2022,1005.74
15-03-2022,1008.93
14-03-2022,1009.77
11-03-2022,1006.06
10-03-2022,1002.62
09-03-2022,1000.48
08-03-2022,998.34
07-03-2022,998.54
04-03-2022,1005.68
03-03-2022,1007.17
02-03-2022,1007.36
01-03-2022,999.43
28-02-2022,1003.67
25-02-2022,1007.14
24-02-2022,1005.93
23-02-2022,1006.29
22-02-2022,1007.72
18-02-2022,1007.72
17-02-2022,1006.4
16-02-2022,1005.93
15-02-2022,1000.96
14-02-2022,1003.47
11-02-2022,1003.14
10-02-2022,1006.83
09-02-2022,1005.09
08-02-2022,1003.95
07-02-2022,1001.76
04-02-2022,1000.63
03-02-2022,1001.39
02-02-2022,1000.5
01-02-2022,995.71
31-01-2022,994.73
28-01-2022,996.41
27-01-2022,994.73
26-01-2022,996.41
25-01-2022,990.98
24-01-2022,982.75
21-01-2022,976.06
20-01-2022,974.77
19-01-2022,976.87
18-01-2022,979.43
14-01-2022,982.86
13-01-2022,983.16
12-01-2022,987.75
11-01-2022,983.84
10-01-2022,985.28
07-01-2022,985.11
06-01-2022,988.7
05-01-2022,986.19
04-01-2022,990.5
03-01-2022,991
31-12-2021,999.52
30-12-2021,997.76
29-12-2021,1001.36
28-12-2021,999.04
27-12-2021,1001.91
23-12-2021,996.23
22-12-2021,996.81
21-12-2021,994.68
20-12-2021,993.01
17-12-2021,992.67
16-12-2021,994.9
15-12-2021,1000.24
14-12-2021,995.93
13-12-2021,997.69
10-12-2021,1002.27
09-12-2021,1001.06
08-12-2021,1002.91
07-12-2021,1004.75
06-12-2021,997.47
03-12-2021,1003.31
02-12-2021,1008.98
01-12-2021,1008.55
30-11-2021,1012.15
29-11-2021,1015.07
26-11-2021,1010.72
24-11-2021,1015.08
23-11-2021,1014.9
22-11-2021,1013.05
19-11-2021,1014.62
18-11-2021,1014.08
17-11-2021,1007.92
16-11-2021,1007.04
15-11-2021,1006.37
12-11-2021,1008.04
11-11-2021,1009.13
10-11-2021,1004.16
09-11-2021,1010.27
08-11-2021,1011.19
05-11-2021,1007.78
04-11-2021,1003
03-11-2021,1001.4
02-11-2021,1002.99
01-11-2021,996.29
29-10-2021,998.1
28-10-2021,996.44
27-10-2021,992.6
26-10-2021,993.58
25-10-2021,993.05
22-10-2021,990.79
21-10-2021,989.4
20-10-2021,989.35
19-10-2021,989.5
18-10-2021,993.4
15-10-2021,989.46
14-10-2021,988.85
13-10-2021,988.38
12-10-2021,989.53
11-10-2021,988.82
08-10-2021,987.49
07-10-2021,988.93
06-10-2021,987.94
05-10-2021,990.42
04-10-2021,987.24
01-10-2021,987.75
30-09-2021,987.91
29-09-2021,989.55
28-09-2021,989.74
27-09-2021,993.87
24-09-2021,996.51
23-09-2021,997.4
22-09-2021,992.97
21-09-2021,989.13
20-09-2021,985.86
17-09-2021,988.79
16-09-2021,991.09
15-09-2021,989.35
14-09-2021,986.2
13-09-2021,984.6
10-09-2021,988.33
09-09-2021,988.92
08-09-2021,986.53
07-09-2021,989.11
03-09-2021,988.76
02-09-2021,987.61
01-09-2021,986.06
31-08-2021,987.1
30-08-2021,987.37
27-08-2021,989.28
26-08-2021,986.41
25-08-2021,987.73
24-08-2021,986.66
23-08-2021,985.89
20-08-2021,983.26
19-08-2021,982.38
18-08-2021,983.38
17-08-2021,982.11
16-08-2021,986.43
13-08-2021,986.83
12-08-2021,988.26
11-08-2021,986.04
10-08-2021,987.08
09-08-2021,985.67
06-08-2021,982.37
05-08-2021,982.39
04-08-2021,978.22
03-08-2021,976.82
02-08-2021,973.41
30-07-2021,973.83
29-07-2021,974.01
28-07-2021,972.41
27-07-2021,970.53
26-07-2021,973.99
23-07-2021,972.48
22-07-2021,971.32
21-07-2021,972.87
20-07-2021,967.13
19-07-2021,963.43
16-07-2021,963.6
15-07-2021,966.23
14-07-2021,968
13-07-2021,971.63
12-07-2021,973.78
09-07-2021,971.84
08-07-2021,969.58
07-07-2021,969.88
06-07-2021,972.59
02-07-2021,973.38
01-07-2021,975.02
30-06-2021,975.59
29-06-2021,974.2
28-06-2021,972.26
25-06-2021,969.48
24-06-2021,971.52
23-06-2021,969.78
22-06-2021,966.45
21-06-2021,965.26
18-06-2021,960.99
17-06-2021,963.05
16-06-2021,966.82
15-06-2021,966.41
14-06-2021,965.59
11-06-2021,967.41
10-06-2021,965.06
09-06-2021,968.54
08-06-2021,970.69
07-06-2021,971.13
04-06-2021,970.17
03-06-2021,969.7
02-06-2021,970.82
01-06-2021,973.75
28-05-2021,971.74
27-05-2021,971.61
26-05-2021,969.82
25-05-2021,965.63
24-05-2021,965.35
21-05-2021,961.92
20-05-2021,961.88
19-05-2021,961.43
18-05-2021,963.25
17-05-2021,964.96
14-05-2021,965.87
13-05-2021,960.51
12-05-2021,960.31
11-05-2021,966.69
10-05-2021,965.08
07-05-2021,972.95
06-05-2021,968.72
05-05-2021,970.81
04-05-2021,969.16
03-05-2021,971.46
30-04-2021,971.76
29-04-2021,973.03
28-04-2021,973.65
27-04-2021,973.82
26-04-2021,972.22
23-04-2021,968.84
22-04-2021,963.34
21-04-2021,962.95
20-04-2021,957.8
19-04-2021,962.88
16-04-2021,967.28
15-04-2021,966.7
14-04-2021,968.36
13-04-2021,966.32
12-04-2021,966.15
09-04-2021,966.97
08-04-2021,967.2
07-04-2021,962.6
06-04-2021,964.87
05-04-2021,963.83
01-04-2021,964.89
31-03-2021,963.81
30-03-2021,959.33
29-03-2021,951.89
26-03-2021,961.29
25-03-2021,963
24-03-2021,960.79
23-03-2021,968.81
22-03-2021,974.79
19-03-2021,974.5
18-03-2021,971.78
17-03-2021,979.84
16-03-2021,977.55
15-03-2021,980.09
12-03-2021,981.74
11-03-2021,985.53
10-03-2021,973.8
09-03-2021,970.08
08-03-2021,955.87
05-03-2021,966.52
04-03-2021,969.82
03-03-2021,978.47
02-03-2021,988.55
01-03-2021,996.01
26-02-2021,989.2
25-02-2021,982.39
24-02-2021,989.25
23-02-2021,989.02
22-02-2021,994.99
19-02-2021,1005.9
18-02-2021,1001.37
17-02-2021,1006.84
16-02-2021,1010.69
12-02-2021,1012.98
11-02-2021,1011.45
10-02-2021,1008.88
09-02-2021,1012.5
08-02-2021,1012.86
05-02-2021,1011.7
04-02-2021,1007.03
03-02-2021,1004.52
02-02-2021,1004.18
01-02-2021,1001.01
29-01-2021,995.66
28-01-2021,993.26
27-01-2021,982.71
26-01-2021,990.43
25-01-2021,995.13
22-01-2021,999.44
21-01-2021,996.9
20-01-2021,997.62
19-01-2021,996.91
15-01-2021,993.54
14-01-2021,994.62
13-01-2021,992.78
12-01-2021,989.47
11-01-2021,985.8
08-01-2021,987.03
07-01-2021,985.26
06-01-2021,979.63
05-01-2021,980.17
04-01-2021,978.01
31-12-2020,977.33
30-12-2020,980.45
29-12-2020,979.11
28-12-2020,980.9
24-12-2020,988.87
23-12-2020,990.13
22-12-2020,993.6
21-12-2020,990.66
18-12-2020,985.82
17-12-2020,986.17
16-12-2020,983.7
15-12-2020,983.18
14-12-2020,981.77
11-12-2020,981.98
10-12-2020,981.44
09-12-2020,977.91
08-12-2020,981.37
07-12-2020,976.7
04-12-2020,972.59
03-12-2020,974.88
02-12-2020,974.82
01-12-2020,979.76
30-11-2020,983.41
27-11-2020,980.86
25-11-2020,976.38
24-11-2020,972.31
23-11-2020,981.49
20-11-2020,985.07
19-11-2020,982.42
18-11-2020,978.65
17-11-2020,977.31
16-11-2020,976.51
13-11-2020,982.48
12-11-2020,990.65
11-11-2020,986.69
10-11-2020,975.53
09-11-2020,976.98
06-11-2020,1017.86
05-11-2020,1013.77
04-11-2020,1010.74
03-11-2020,1003.84
02-11-2020,1004.37
30-10-2020,1003.82
29-10-2020,1010.69
28-10-2020,1015.47
27-10-2020,1012.53
26-10-2020,1010.07
23-10-2020,1007.85
22-10-2020,1007.63
21-10-2020,1013.25
20-10-2020,1020.37
19-10-2020,1023.59
16-10-2020,1023.33
15-10-2020,1024.82
14-10-2020,1023.66
13-10-2020,1024.75
12-10-2020,1017.67
09-10-2020,1017.66
08-10-2020,1014.24
07-10-2020,1019.61
06-10-2020,1019.73
05-10-2020,1021.05
02-10-2020,1016.87
01-10-2020,1018.61
30-09-2020,1015.58
29-09-2020,1013.89
28-09-2020,1011.6
25-09-2020,1010.05
24-09-2020,1007.58
23-09-2020,1008.99
22-09-2020,1010.86
21-09-2020,1007.17
18-09-2020,1000.08
17-09-2020,995.81
16-09-2020,997.15
15-09-2020,1002.5
14-09-2020,1000.15
11-09-2020,996.01
10-09-2020,997.26
09-09-2020,996.36
08-09-2020,986.69
04-09-2020,990.06
03-09-2020,993.29
02-09-2020,1002.55
01-09-2020,1007.91
31-08-2020,1001.79
28-08-2020,1002.15
27-08-2020,1004.88
26-08-2020,1009.96
25-08-2020,1006.97
24-08-2020,1007
21-08-2020,1015.02
20-08-2020,1013.94
19-08-2020,1010.32
18-08-2020,1007.59
17-08-2020,1005.65
14-08-2020,998.27
13-08-2020,999.74
12-08-2020,994.91
11-08-2020,990.1
10-08-2020,996.3
07-08-2020,1003.9
06-08-2020,1008.21
05-08-2020,1009.51
04-08-2020,1009.53
03-08-2020,1010.85
31-07-2020,1003.17
30-07-2020,1000.94
29-07-2020,997.81
28-07-2020,995.71
27-07-2020,996.87
24-07-2020,991.73
23-07-2020,991.87
22-07-2020,996.27
21-07-2020,995.18
20-07-2020,998.53
17-07-2020,993.27
16-07-2020,989.23
15-07-2020,987.38
14-07-2020,992.76
13-07-2020,989.87
10-07-2020,995.46
09-07-2020,997.9
08-07-2020,994.25
07-07-2020,990.13
06-07-2020,985.46
02-07-2020,986.39
01-07-2020,986.38
30-06-2020,987.49
29-06-2020,983.85
26-06-2020,988.14
25-06-2020,987.94
24-06-2020,987.93
23-06-2020,984.76
22-06-2020,985.65
19-06-2020,983.33
18-06-2020,981.05
17-06-2020,980.28
16-06-2020,977.05
15-06-2020,979.1
12-06-2020,971.76
11-06-2020,974.8
10-06-2020,967.54
09-06-2020,956.09
08-06-2020,947.43
05-06-2020,954.6
04-06-2020,966.22
03-06-2020,974.73
02-06-2020,987.87
01-06-2020,992
29-05-2020,995.05
28-05-2020,986.38
27-05-2020,980.36
26-05-2020,987.14
22-05-2020,1000.67
21-05-2020,999.53
20-05-2020,1000.53
19-05-2020,1004.06
18-05-2020,1002.86
15-05-2020,1011.25
14-05-2020,1009.38
13-05-2020,1010.96
12-05-2020,1004.3
11-05-2020,1001.69
08-05-2020,995.1
07-05-2020,999.33
06-05-2020,1002.02
05-05-2020,997.15
04-05-2020,995
01-05-2020,991.97
30-04-2020,985.4
29-04-2020,986.38
28-04-2020,992.64
27-04-2020,998.13
24-04-2020,1003.15
23-04-2020,1001.64
22-04-2020,1004.15
21-04-2020,1002.89
20-04-2020,1003.16
17-04-2020,999.07
16-04-2020,1007.55
15-04-2020,1001.64
14-04-2020,997.1
13-04-2020,993.12
09-04-2020,987.92
08-04-2020,989.93
07-04-2020,996.56
06-04-2020,1005.21
03-04-2020,1018.55
02-04-2020,1016.01
01-04-2020,1015.92
31-03-2020,1012.5
30-03-2020,1015.76
27-03-2020,1012.04
26-03-2020,1006.03
25-03-2020,1004.31
24-03-2020,1003.36
23-03-2020,1002.78
20-03-2020,999.21
19-03-2020,998.71
18-03-2020,999.71
17-03-2020,1000.24
16-03-2020,997.74
13-03-2020,1005.64
12-03-2020,1010.45
11-03-2020,1010.22
10-03-2020,1008.44
09-03-2020,1007.12
06-03-2020,1009.56
05-03-2020,1012.8
04-03-2020,1011.54
03-03-2020,1007.81
02-03-2020,1005.43
28-02-2020,1000.17
27-02-2020,1001.6
26-02-2020,1003.79
25-02-2020,1000.83
24-02-2020,998.78
21-02-2020,998.31
20-02-2020,1000.29
19-02-2020,1003.12
18-02-2020,1001.54
14-02-2020,1000.73
13-02-2020,1000.48
12-02-2020,997.92
11-02-2020,998.37
10-02-2020,1000.12
07-02-2020,997.64
06-02-2020,996.22
05-02-2020,996.06
04-02-2020,1001.66
03-02-2020,1002.16
31-01-2020,1000.87
30-01-2020,1001.41
29-01-2020,1000.28
28-01-2020,998.61
27-01-2020,996.81
24-01-2020,995.74
23-01-2020,995.14
22-01-2020,994.83
21-01-2020,993.43
17-01-2020,993.43
16-01-2020,991.95
15-01-2020,992.15
14-01-2020,992.18
13-01-2020,994.77
10-01-2020,992.94
09-01-2020,993.66
08-01-2020,992.18
07-01-2020,992.29
06-01-2020,991.89
03-01-2020,993.04
02-01-2020,993.28
31-12-2019,992.52
30-12-2019,993.5
27-12-2019,993.73
26-12-2019,993.61
24-12-2019,993.24
23-12-2019,992.4
20-12-2019,994.79
19-12-2019,993.71
18-12-2019,994.32
17-12-2019,995.69
16-12-2019,996.4
13-12-2019,997.37
12-12-2019,994.82
11-12-2019,999.74
10-12-2019,999.91
09-12-2019,999.3
06-12-2019,999.79
05-12-2019,1002.52
04-12-2019,1001.23
03-12-2019,1001.82
02-12-2019,999.05
29-11-2019,1001.68
27-11-2019,1002.36
26-11-2019,1004.31
25-11-2019,1002.5
22-11-2019,1003.19
21-11-2019,1005.8
20-11-2019,1009.01
19-11-2019,1006.45
18-11-2019,1004.44
15-11-2019,1000.74
14-11-2019,1002.19
13-11-2019,1000.23
12-11-2019,997.42
11-11-2019,996.48
08-11-2019,992.92
07-11-2019,990.31
06-11-2019,995.22
05-11-2019,992.29
04-11-2019,994.68
01-11-2019,1003.78
31-10-2019,1008.51
30-10-2019,1008.69
29-10-2019,1008.48
28-10-2019,1004.7
25-10-2019,1005.31
24-10-2019,1008.01
23-10-2019,1005.01
22-10-2019,1006.83
21-10-2019,1013.71
18-10-2019,1015.51
17-10-2019,1014.53
16-10-2019,1014.38
15-10-2019,1017.62
14-10-2019,1019.66
11-10-2019,1019.18
10-10-2019,1024.38
09-10-2019,1024.69
08-10-2019,1022.77
07-10-2019,1021.28
04-10-2019,1021.2
03-10-2019,1020.14
02-10-2019,1018.6
01-10-2019,1015.99
30-09-2019,1013.78
27-09-2019,1013.63
26-09-2019,1017.47
25-09-2019,1014.6
24-09-2019,1018.42
23-09-2019,1016.23
20-09-2019,1015.43
19-09-2019,1014.83
18-09-2019,1013.74
17-09-2019,1011.71
16-09-2019,1003.9
13-09-2019,1005.87
12-09-2019,1008.01
11-09-2019,1005.04
10-09-2019,1009.59
09-09-2019,1022.51
06-09-2019,1035.55
05-09-2019,1038.34
04-09-2019,1046.54
03-09-2019,1048.72
30-08-2019,1046.02
29-08-2019,1048.79
28-08-2019,1052.25
27-08-2019,1054.9
26-08-2019,1051.6
23-08-2019,1050.03
22-08-2019,1047.87
21-08-2019,1047.75
20-08-2019,1045.78
19-08-2019,1045.02
16-08-2019,1048.87
15-08-2019,1050.17
14-08-2019,1048.84
13-08-2019,1047.35
12-08-2019,1047.03
09-08-2019,1046.81
08-08-2019,1043.56
07-08-2019,1040
06-08-2019,1037.56
05-08-2019,1033.73
02-08-2019,1030.74
01-08-2019,1029.97
31-07-2019,1025.62
30-07-2019,1025.08
29-07-2019,1028.5
26-07-2019,1029.28
25-07-2019,1029.31
24-07-2019,1024.91
23-07-2019,1027.5
22-07-2019,1030.41
19-07-2019,1029.03
18-07-2019,1030.47
17-07-2019,1029.61
16-07-2019,1027.99
15-07-2019,1027.75
12-07-2019,1025.73
11-07-2019,1028.28
10-07-2019,1028.36
09-07-2019,1028.36
08-07-2019,1027.84
05-07-2019,1025.27
03-07-2019,1024.35
02-07-2019,1024.07
01-07-2019,1020.51
28-06-2019,1018.55
27-06-2019,1020.3
26-06-2019,1020.81
25-06-2019,1024.32
24-06-2019,1025.95
21-06-2019,1024.66
20-06-2019,1026.11
19-06-2019,1028.09
18-06-2019,1026.06
17-06-2019,1027.3
14-06-2019,1027.66
13-06-2019,1026.3
12-06-2019,1030.63
11-06-2019,1026.9
10-06-2019,1028.02
07-06-2019,1029.94
06-06-2019,1028.71
05-06-2019,1025.75
04-06-2019,1021.23
03-06-2019,1024.07
31-05-2019,1026.37
30-05-2019,1024.41
29-05-2019,1020.34
28-05-2019,1021.93
24-05-2019,1018.07
23-05-2019,1017.3
22-05-2019,1016.3
21-05-2019,1014.6
20-05-2019,1015.62
17-05-2019,1014.01
16-05-2019,1013.58
15-05-2019,1011.49
14-05-2019,1011.58
13-05-2019,1010.52
10-05-2019,1010.22
09-05-2019,1007.8
08-05-2019,1004.52
07-05-2019,1002.94
06-05-2019,1002.23
03-05-2019,1001.07
02-05-2019,1001.44
01-05-2019,999.79
30-04-2019,1000.23
29-04-2019,999.84
26-04-2019,1000.19
25-04-2019,1000.71
24-04-2019,997.89
23-04-2019,998.45
22-04-2019,997.92
18-04-2019,996.46
17-04-2019,997.71
16-04-2019,999.4
15-04-2019,1001.62
12-04-2019,1000.98
11-04-2019,1004.49
10-04-2019,1004.55
09-04-2019,1003.55
08-04-2019,1001.47
05-04-2019,1002.19
04-04-2019,1004.04
03-04-2019,1007.9
02-04-2019,1008.4
01-04-2019,1007.23
29-03-2019,1009.24
28-03-2019,1010.9
27-03-2019,1010.56
26-03-2019,1012.68
25-03-2019,1013.56
22-03-2019,1012.03
21-03-2019,1011.77
20-03-2019,1012.42
19-03-2019,1010.86
18-03-2019,1009.43
15-03-2019,1010.46
14-03-2019,1011.07
13-03-2019,1009.23
12-03-2019,1010.37
11-03-2019,1010.03
08-03-2019,1010.83
07-03-2019,1010.66
06-03-2019,1009.26
05-03-2019,1009.14
04-03-2019,1007.79
01-03-2019,1010.98
28-02-2019,1012.96
27-02-2019,1011.76
26-02-2019,1008.82
25-02-2019,1008.46
22-02-2019,1010.69
21-02-2019,1009.13
20-02-2019,1007.71
19-02-2019,1008.77
15-02-2019,1009.51
14-02-2019,1010.87
13-02-2019,1009.58
12-02-2019,1011.56
11-02-2019,1013.18
08-02-2019,1013.57
07-02-2019,1012.12
06-02-2019,1011.15
05-02-2019,1012.49
04-02-2019,1013.48
01-02-2019,1014.34
31-01-2019,1015.46
30-01-2019,1015.01
29-01-2019,1013.2
28-01-2019,1014.3
25-01-2019,1016.15
24-01-2019,1018.19
23-01-2019,1022.27
22-01-2019,1020.86
18-01-2019,1019.5
17-01-2019,1023.61
16-01-2019,1022.88
15-01-2019,1024.14
14-01-2019,1022.08
11-01-2019,1022.78
10-01-2019,1022.54
09-01-2019,1025.04
08-01-2019,1025.14
07-01-2019,1025.23
04-01-2019,1027.66
03-01-2019,1029.22
02-01-2019,1032.63
31-12-2018,1037.62
28-12-2018,1036.32
27-12-2018,1037.5
26-12-2018,1036.73
24-12-2018,1032.46
21-12-2018,1035.56
20-12-2018,1035.25
19-12-2018,1037.77
18-12-2018,1037.51
17-12-2018,1035.64
14-12-2018,1039.77
13-12-2018,1039.65
12-12-2018,1038.8
11-12-2018,1037.85
10-12-2018,1035.67
07-12-2018,1034.61
06-12-2018,1035.54
04-12-2018,1033.24
03-12-2018,1031.4
30-11-2018,1032.63
29-11-2018,1032.37
28-11-2018,1030.17
27-11-2018,1027.8
26-11-2018,1026.47
23-11-2018,1026.32
21-11-2018,1025.99
20-11-2018,1026.71
19-11-2018,1029.25
16-11-2018,1034.22
15-11-2018,1034.5
14-11-2018,1034.16
13-11-2018,1034.84
12-11-2018,1036.88
09-11-2018,1037.07
08-11-2018,1035.92
07-11-2018,1037.95
06-11-2018,1031.76
05-11-2018,1032.25
02-11-2018,1032.77
01-11-2018,1032.88
31-10-2018,1039.19
30-10-2018,1034.66
29-10-2018,1033.26
26-10-2018,1033.91
25-10-2018,1032.94
24-10-2018,1031.73
23-10-2018,1034.1
22-10-2018,1036.24
19-10-2018,1031.56
18-10-2018,1034.72
17-10-2018,1034.27
16-10-2018,1035.68
15-10-2018,1033.97
12-10-2018,1036.8
11-10-2018,1032.68
10-10-2018,1032.46
09-10-2018,1037.44
08-10-2018,1037.75
05-10-2018,1041.23
04-10-2018,1040.54
03-10-2018,1042.44
02-10-2018,1041.74
01-10-2018,1046.12
28-09-2018,1045.99
27-09-2018,1044.96
26-09-2018,1044.74
25-09-2018,1045.11
24-09-2018,1041.34
21-09-2018,1037.51
20-09-2018,1038.01
19-09-2018,1038.76
18-09-2018,1043.24
17-09-2018,1042.31
14-09-2018,1046.82
13-09-2018,1046.51
12-09-2018,1046.48
11-09-2018,1048.49
10-09-2018,1046.13
07-09-2018,1045.15
06-09-2018,1045.56
05-09-2018,1045.31
04-09-2018,1049.48
31-08-2018,1045.93
30-08-2018,1044.85
29-08-2018,1043.74
28-08-2018,1044.31
27-08-2018,1044.34
24-08-2018,1045.2
23-08-2018,1044.58
22-08-2018,1042.57
21-08-2018,1040.72
20-08-2018,1041.6
17-08-2018,1041.04
16-08-2018,1041.16
15-08-2018,1041.12
14-08-2018,1044.2
13-08-2018,1042.33
10-08-2018,1042.61
09-08-2018,1040.53
08-08-2018,1039.12
07-08-2018,1037.76
06-08-2018,1037.83
03-08-2018,1036.77
02-08-2018,1038.79
01-08-2018,1037.16
31-07-2018,1034.03
30-07-2018,1034.19
27-07-2018,1038.66
26-07-2018,1042.65
25-07-2018,1044.99
24-07-2018,1042.12
23-07-2018,1043.81
20-07-2018,1043.24
19-07-2018,1042.31
18-07-2018,1043.57
17-07-2018,1042.5
16-07-2018,1040.82
13-07-2018,1038.83
12-07-2018,1037.79
11-07-2018,1036.2
10-07-2018,1036.55
09-07-2018,1036.52
06-07-2018,1037.17
05-07-2018,1038.05
03-07-2018,1039.91
02-07-2018,1041.79
29-06-2018,1039.53
28-06-2018,1040.6
27-06-2018,1039.11
26-06-2018,1040.97
25-06-2018,1039.65
22-06-2018,1043.27
21-06-2018,1047.8
20-06-2018,1047.83
19-06-2018,1048.4
18-06-2018,1049.43
15-06-2018,1048.23
14-06-2018,1050.25
13-06-2018,1050.46
12-06-2018,1050.28
11-06-2018,1049.47
08-06-2018,1050.86
07-06-2018,1050.56
06-06-2018,1054.15
05-06-2018,1056.03
04-06-2018,1054.78
01-06-2018,1055.29
31-05-2018,1053.09
30-05-2018,1052.66
29-05-2018,1051.88
25-05-2018,1051.02
24-05-2018,1054.34
23-05-2018,1052.55
22-05-2018,1051.03
21-05-2018,1052.43
18-05-2018,1051
17-05-2018,1048.31
16-05-2018,1047.49
15-05-2018,1047.19
14-05-2018,1046.42
11-05-2018,1048.43
10-05-2018,1046.84
09-05-2018,1046.06
08-05-2018,1044.76
07-05-2018,1043.54
04-05-2018,1042.92
03-05-2018,1045.79
02-05-2018,1042.97
01-05-2018,1041.49
30-04-2018,1043.22
27-04-2018,1042
26-04-2018,1042.76
25-04-2018,1043.03
24-04-2018,1043.83
23-04-2018,1047.76
20-04-2018,1048.1
19-04-2018,1048.5
18-04-2018,1048.38
17-04-2018,1046.99
16-04-2018,1043.79
13-04-2018,1044.41
12-04-2018,1045.94
11-04-2018,1043.19
10-04-2018,1044.81
09-04-2018,1043.7
06-04-2018,1039.53
05-04-2018,1040.1
04-04-2018,1041.12
03-04-2018,1040.66
02-04-2018,1040.68
29-03-2018,1041.95
28-03-2018,1040.76
27-03-2018,1044.34
26-03-2018,1049.63
23-03-2018,1046.32
22-03-2018,1045.97
21-03-2018,1048.22
20-03-2018,1049.05
19-03-2018,1042.61
16-03-2018,1039.98
15-03-2018,1040.84
14-03-2018,1040.76
13-03-2018,1037.48
12-03-2018,1037.07
09-03-2018,1039.57
08-03-2018,1037.95
07-03-2018,1037.29
06-03-2018,1035.52
05-03-2018,1035.91
02-03-2018,1037.79
01-03-2018,1038.24
28-02-2018,1039.14
27-02-2018,1038.83
26-02-2018,1038.07
23-02-2018,1038.41
22-02-2018,1038.22
21-02-2018,1037.09
20-02-2018,1035.13
16-02-2018,1034.65
15-02-2018,1036.15
14-02-2018,1035.89
13-02-2018,1034.57
12-02-2018,1032.25
09-02-2018,1029.81
08-02-2018,1028.76
07-02-2018,1032.57
06-02-2018,1033.75
05-02-2018,1032.45
02-02-2018,1033.6
01-02-2018,1035.5
31-01-2018,1034.18
30-01-2018,1033.52
29-01-2018,1032.44
26-01-2018,1034.51
25-01-2018,1032.34
24-01-2018,1030.36
23-01-2018,1032.69
22-01-2018,1033.64
19-01-2018,1032.6
18-01-2018,1030.55
17-01-2018,1029.61
16-01-2018,1024.81
12-01-2018,1025.75
11-01-2018,1025.29
10-01-2018,1024.52
09-01-2018,1024.71
08-01-2018,1022.53
05-01-2018,1020.83
04-01-2018,1018.78
03-01-2018,1018.97
02-01-2018,1018.9
29-12-2017,1021.78
28-12-2017,1022.45
27-12-2017,1022.38
26-12-2017,1021.35
22-12-2017,1022.15
21-12-2017,1021.09
20-12-2017,1022.84
19-12-2017,1021.04
18-12-2017,1021.14
15-12-2017,1020
14-12-2017,1020.48
13-12-2017,1020.39
12-12-2017,1020
11-12-2017,1022.44
08-12-2017,1023.17
07-12-2017,1024.16
06-12-2017,1019.74
05-12-2017,1018.63
04-12-2017,1016.23
01-12-2017,1022.39
30-11-2017,1022.48
29-11-2017,1020.77
28-11-2017,1028.01
27-11-2017,1029.32
24-11-2017,1030.89
22-11-2017,1029.75
21-11-2017,1033.11
20-11-2017,1031.59
17-11-2017,1029.05
16-11-2017,1031.47
15-11-2017,1029.84
14-11-2017,1031.1
13-11-2017,1030.28
10-11-2017,1029.22
09-11-2017,1028.7
08-11-2017,1031.11
07-11-2017,1030.34
06-11-2017,1029.81
03-11-2017,1031.44
02-11-2017,1028.88
01-11-2017,1025.01
31-10-2017,1024.9
30-10-2017,1022.29
27-10-2017,1022.98
26-10-2017,1019.48
25-10-2017,1019.4
24-10-2017,1019.9
23-10-2017,1017.29
20-10-2017,1016.07
19-10-2017,1015.21
18-10-2017,1015.55
17-10-2017,1014.54
16-10-2017,1016.6
13-10-2017,1014.03
12-10-2017,1013.79
11-10-2017,1012.3
10-10-2017,1011.11
09-10-2017,1010.83
06-10-2017,1008.88
05-10-2017,1007.7
04-10-2017,1008.25
03-10-2017,1007.57
02-10-2017,1007.48
29-09-2017,1008.04
28-09-2017,1007.05
27-09-2017,1004.38
26-09-2017,1001.53
25-09-2017,1002.71
22-09-2017,1006.61
21-09-2017,1008.23
20-09-2017,1008.38
19-09-2017,1008.98
18-09-2017,1006.36
15-09-2017,1003.12
14-09-2017,1003.36
13-09-2017,1002.68
12-09-2017,1003.83
11-09-2017,1005.02
08-09-2017,1004.44
07-09-2017,1004.07
06-09-2017,1003.13
05-09-2017,1004.62
01-09-2017,1005.88
31-08-2017,1005.28
30-08-2017,1004.78
29-08-2017,1002.74
28-08-2017,1002.58
25-08-2017,1000.85
24-08-2017,1002.5
23-08-2017,1003.35
22-08-2017,1003.31
21-08-2017,1001.16
18-08-2017,1001.54
17-08-2017,999.96
16-08-2017,1001.76
15-08-2017,1001.69
14-08-2017,1000
11-08-2017,998.44
10-08-2017,997.55
09-08-2017,999.75
08-08-2017,1002.51
07-08-2017,1001.53
04-08-2017,999.83
03-08-2017,998.59
02-08-2017,997.68
01-08-2017,997.08
31-07-2017,996.59
28-07-2017,997.19
27-07-2017,995.33
26-07-2017,997.76
25-07-2017,998.2
24-07-2017,1000.45
21-07-2017,997.3
20-07-2017,996.87
19-07-2017,997.46
18-07-2017,998.81
17-07-2017,998.28
14-07-2017,998.63
13-07-2017,999.04
12-07-2017,1001.5
11-07-2017,1000.21
10-07-2017,998.44
07-07-2017,997.57
06-07-2017,995.57
05-07-2017,993.78
03-07-2017,989.09
30-06-2017,990.1
29-06-2017,989.82
28-06-2017,992.27
27-06-2017,990.29
26-06-2017,992.95
23-06-2017,995.71
22-06-2017,997.78
21-06-2017,999.66
20-06-2017,997.78
19-06-2017,997.06
16-06-2017,993.47
15-06-2017,992.73
14-06-2017,992.02
13-06-2017,993.89
12-06-2017,992.41
09-06-2017,996.11
08-06-2017,1000.33
07-06-2017,998.74
06-06-2017,997.16
05-06-2017,995.85
02-06-2017,995.99
01-06-2017,994.69
31-05-2017,996.61
30-05-2017,996.15
26-05-2017,996.06
25-05-2017,995.69
24-05-2017,994.13
23-05-2017,994.59
22-05-2017,992.56
19-05-2017,991.97
18-05-2017,992.98
17-05-2017,990.11
16-05-2017,994.94
15-05-2017,992.09
12-05-2017,991.92
11-05-2017,990.4
10-05-2017,989.52
09-05-2017,987.48
08-05-2017,988.8
05-05-2017,989.92
04-05-2017,990.41
03-05-2017,992.32
02-05-2017,994.05
01-05-2017,999.01
28-04-2017,997.54
27-04-2017,996.52
26-04-2017,996.02
25-04-2017,997.31
24-04-2017,996.44
21-04-2017,994.33
20-04-2017,994.28
19-04-2017,993.33
18-04-2017,993.08
17-04-2017,993.18
13-04-2017,992.58
12-04-2017,993.19
11-04-2017,994.79
10-04-2017,992.99
07-04-2017,996.22
06-04-2017,995.79
05-04-2017,995.82
04-04-2017,997.57
03-04-2017,996.67
31-03-2017,996.35
30-03-2017,995.74
29-03-2017,994.3
28-03-2017,995.1
27-03-2017,994.29
24-03-2017,995.5
23-03-2017,995.66
22-03-2017,995.68
21-03-2017,992.83
20-03-2017,997.36
17-03-2017,996.04
16-03-2017,994.7
15-03-2017,996.36
14-03-2017,994.94
13-03-2017,995.43
10-03-2017,993.34
09-03-2017,994.17
08-03-2017,994.66
07-03-2017,997.82
06-03-2017,997.84
03-03-2017,996.76
02-03-2017,993
01-03-2017,995.72
28-02-2017,991.69
27-02-2017,990.09
24-02-2017,989.95
23-02-2017,989.56
22-02-2017,992.14
21-02-2017,991.95
17-02-2017,992.56
16-02-2017,993.9
15-02-2017,993.22
14-02-2017,994.77
13-02-2017,994.84
10-02-2017,994.39
09-02-2017,996.34
08-02-2017,996.47
07-02-2017,996.8
06-02-2017,996.9
03-02-2017,997.21
02-02-2017,995.61
01-02-2017,997.05
31-01-2017,995.48
30-01-2017,995.89
27-01-2017,996.79
26-01-2017,996.03
25-01-2017,993.67
24-01-2017,994.25
23-01-2017,992.77
20-01-2017,992.14
19-01-2017,992.23
18-01-2017,991.53
17-01-2017,990.2
16-01-2017,992.06
13-01-2017,992.07
12-01-2017,991.96
11-01-2017,992.92
10-01-2017,992.84
09-01-2017,990.37
06-01-2017,988.47
05-01-2017,989.2
04-01-2017,991.51
03-01-2017,992.51
02-01-2017,996.15
30-12-2016,996.15
29-12-2016,997.51
28-12-2016,997.61
27-12-2016,997.92
26-12-2016,997.94
23-12-2016,997.94
22-12-2016,997.84
21-12-2016,998.5
20-12-2016,997.77
19-12-2016,995.83
16-12-2016,995.49
15-12-2016,999
14-12-2016,998.11
13-12-2016,996.75
12-12-2016,997.37
09-12-2016,997.09
08-12-2016,999.81
07-12-2016,1001.7
06-12-2016,1002.47
05-12-2016,1002.93
02-12-2016,1003.9
01-12-2016,1002.56
30-11-2016,1004.08
29-11-2016,1004.44
28-11-2016,1002.31
25-11-2016,1002.43
24-11-2016,1002.22
23-11-2016,1002.22
22-11-2016,1002.08
21-11-2016,1001.18
18-11-2016,1001.56
17-11-2016,1001.25
16-11-2016,1000.16
15-11-2016,998.31
14-11-2016,995.74
11-11-2016,998.72
10-11-2016,998.08
09-11-2016,1004.68
08-11-2016,1007.55
07-11-2016,1006.39
04-11-2016,1005.47
03-11-2016,1007.02
02-11-2016,1004.92
01-11-2016,1004.59
31-10-2016,1005.38
28-10-2016,1004.32
27-10-2016,1004.49
26-10-2016,1005.43
25-10-2016,1007.97
24-10-2016,1008.19
21-10-2016,1007.62
20-10-2016,1008.33
19-10-2016,1008.9
18-10-2016,1009.08
17-10-2016,1010.21
14-10-2016,1008.94
13-10-2016,1008.84
12-10-2016,1007.99
11-10-2016,1005.88
10-10-2016,1005.03
07-10-2016,1003.69
06-10-2016,1003.26
05-10-2016,1000.9
04-10-2016,1002.76
03-10-2016,1004.78
30-09-2016,1004.97
29-09-2016,1005.51
28-09-2016,1005.84
27-09-2016,1005.91
26-09-2016,1005.91
23-09-2016,1004.05
22-09-2016,1006.08
21-09-2016,1007.28
20-09-2016,1004.68
19-09-2016,1004.38
16-09-2016,1002.98
15-09-2016,1003.17
14-09-2016,1002.23
13-09-2016,999.37
12-09-2016,999.92
09-09-2016,1001.11
08-09-2016,1001.55
07-09-2016,1002.43
06-09-2016,1003.7
05-09-2016,1003.13
02-09-2016,1003.13
01-09-2016,1002.5
31-08-2016,1000.44
30-08-2016,999.98
29-08-2016,1000.96
26-08-2016,1001.5
25-08-2016,1001.76
24-08-2016,1001.11
23-08-2016,1001.33
22-08-2016,1002.84
19-08-2016,1001.94
18-08-2016,1002.28
17-08-2016,1001.6
16-08-2016,1000.41
15-08-2016,1001.8
12-08-2016,1005.16
11-08-2016,1005.93
10-08-2016,1008.08
09-08-2016,1007.05
08-08-2016,1006.11
05-08-2016,1007.6
04-08-2016,1010.73
03-08-2016,1007.64
02-08-2016,1012.21
01-08-2016,1011.33
29-07-2016,1010.47
28-07-2016,1010.25
27-07-2016,1008.75
26-07-2016,1008.74
25-07-2016,1010.22
22-07-2016,1009.77
21-07-2016,1008.53
20-07-2016,1010.38
19-07-2016,1013.09
18-07-2016,1011.08
15-07-2016,1012.39
14-07-2016,1012.87
13-07-2016,1014.32
12-07-2016,1013.66
11-07-2016,1018.12
08-07-2016,1019.8
07-07-2016,1022.39
06-07-2016,1025.35
05-07-2016,1026.06
04-07-2016,1019.64
01-07-2016,1019.64
30-06-2016,1021.75
29-06-2016,1022.15
28-06-2016,1024.54
27-06-2016,1026.69
24-06-2016,1019.98
23-06-2016,1013.77
22-06-2016,1016.84
21-06-2016,1017.25
20-06-2016,1015.94
17-06-2016,1017.15
16-06-2016,1019.62
15-06-2016,1018.63
14-06-2016,1019.61
13-06-2016,1017.9
10-06-2016,1016.82
09-06-2016,1013.28
08-06-2016,1009.44
07-06-2016,1008.49
06-06-2016,1007.51
03-06-2016,1010.81
02-06-2016,1009.44
01-06-2016,1012.71
31-05-2016,1013.16
30-05-2016,1015.22
27-05-2016,1015.22
26-05-2016,1016.56
25-05-2016,1015.35
24-05-2016,1018.44
23-05-2016,1018.1
20-05-2016,1018.77
19-05-2016,1022.21
18-05-2016,1020.61
17-05-2016,1019.88
16-05-2016,1023.69
13-05-2016,1023.71
12-05-2016,1022.91
11-05-2016,1019.31
10-05-2016,1016.72
09-05-2016,1017.75
06-05-2016,1016.07
05-05-2016,1013.85
04-05-2016,1011.84
03-05-2016,1010.43
02-05-2016,1009.5
29-04-2016,1006.51
28-04-2016,1004.55
27-04-2016,1004.11
26-04-2016,1004.33
25-04-2016,1006.8
22-04-2016,1003.44
21-04-2016,1005.63
20-04-2016,1009.32
19-04-2016,1012
18-04-2016,1014.1
15-04-2016,1014.04
14-04-2016,1012.96
13-04-2016,1014.18
12-04-2016,1019.2
11-04-2016,1021.5
08-04-2016,1021.7
07-04-2016,1022.6
06-04-2016,1021.45
05-04-2016,1022.95
04-04-2016,1022.78
01-04-2016,1022.42
31-03-2016,1020.42
30-03-2016,1023.51
29-03-2016,1023.83
28-03-2016,1023.52
25-03-2016,1021.94
24-03-2016,1021.94
23-03-2016,1022.09
22-03-2016,1015.98
21-03-2016,1015.25
18-03-2016,1016.49
17-03-2016,1019.5
16-03-2016,1022.01
15-03-2016,1024.29
14-03-2016,1019.05
11-03-2016,1020.08
10-03-2016,1024.63
09-03-2016,1022.96
08-03-2016,1022.77
07-03-2016,1015.26
04-03-2016,1020.96
03-03-2016,1024.08
02-03-2016,1031.6
01-03-2016,1037.83
29-02-2016,1039.6
26-02-2016,1042.86
25-02-2016,1048.95
24-02-2016,1047.95
23-02-2016,1046.82
22-02-2016,1044.91
19-02-2016,1048.13
18-02-2016,1044.79
17-02-2016,1046.53
16-02-2016,1051.85
15-02-2016,1055.42
12-02-2016,1055.42
11-02-2016,1059.25
10-02-2016,1056.27
09-02-2016,1053.68
08-02-2016,1047.52
05-02-2016,1045.5
04-02-2016,1049.29
03-02-2016,1057.42
02-02-2016,1064.31
01-02-2016,1061.26
29-01-2016,1059.93
28-01-2016,1063.65
27-01-2016,1060.43
26-01-2016,1064.03
25-01-2016,1067.63
22-01-2016,1062.9
21-01-2016,1060.91
20-01-2016,1066.45
19-01-2016,1068.65
18-01-2016,1064.44
15-01-2016,1064.39
14-01-2016,1064.1
13-01-2016,1064.2
12-01-2016,1065.2
11-01-2016,1062.09
08-01-2016,1058.2
07-01-2016,1058.38
06-01-2016,1057.06
05-01-2016,1051.96
04-01-2016,1049.91
01-01-2016,1054.68
31-12-2015,1054.68
30-12-2015,1057.3
29-12-2015,1055.63
28-12-2015,1054.77
25-12-2015,1051.11
24-12-2015,1051.11
23-12-2015,1051.1
22-12-2015,1055.66
21-12-2015,1058.96
18-12-2015,1059.48
17-12-2015,1062.62
16-12-2015,1061.94
15-12-2015,1064.72
14-12-2015,1065.31
11-12-2015,1061.06
10-12-2015,1058.92
09-12-2015,1060.93
08-12-2015,1066.15
07-12-2015,1061.49
04-12-2015,1062.06
03-12-2015,1055.97
02-12-2015,1056.05
01-12-2015,1055.75
30-11-2015,1056.41
27-11-2015,1059.57
26-11-2015,1056.45
25-11-2015,1056.41
24-11-2015,1058.05
23-11-2015,1061.05
20-11-2015,1059.83
19-11-2015,1058.41
18-11-2015,1059.23
17-11-2015,1059.45
16-11-2015,1055.93
13-11-2015,1057.56
12-11-2015,1058.13
11-11-2015,1057.79
10-11-2015,1053.65
09-11-2015,1050.86
06-11-2015,1049.43
05-11-2015,1050.09
04-11-2015,1049.4
03-11-2015,1049.27
02-11-2015,1052.36
30-10-2015,1053.62
29-10-2015,1054.28
28-10-2015,1058.82
27-10-2015,1059.25
26-10-2015,1055.06
23-10-2015,1051.75
22-10-2015,1050.79
21-10-2015,1050.97
20-10-2015,1048.77
19-10-2015,1051.68
16-10-2015,1049.25
15-10-2015,1046.83
14-10-2015,1044.59
13-10-2015,1047.44
12-10-2015,1048.21
09-10-2015,1040.91
08-10-2015,1039.68
07-10-2015,1044.95
06-10-2015,1047.74
05-10-2015,1054.9
02-10-2015,1061.19
01-10-2015,1066.66
30-09-2015,1062.29
29-09-2015,1057.92
28-09-2015,1061.15
25-09-2015,1064.48
24-09-2015,1063.62
23-09-2015,1065.7
22-09-2015,1058.08
21-09-2015,1058.58
18-09-2015,1058.06
17-09-2015,1054.34
16-09-2015,1049.93
15-09-2015,1053.83
14-09-2015,1055.01
11-09-2015,1052.44
10-09-2015,1049.87
09-09-2015,1048.67
08-09-2015,1047.99
07-09-2015,1045.76
04-09-2015,1045.76
03-09-2015,1044.32
02-09-2015,1046.23
01-09-2015,1044.16
31-08-2015,1043.04
28-08-2015,1046.57
27-08-2015,1049.34
26-08-2015,1053.17
25-08-2015,1050.04
24-08-2015,1044.55
21-08-2015,1047.88
20-08-2015,1050.22
19-08-2015,1052.68
18-08-2015,1051.82
17-08-2015,1052.5
14-08-2015,1051.89
13-08-2015,1052.21
12-08-2015,1047.53
11-08-2015,1049.68
10-08-2015,1047.78
07-08-2015,1054.16
06-08-2015,1052.21
05-08-2015,1059.69
04-08-2015,1055.68
03-08-2015,1054.09
31-07-2015,1051.01
30-07-2015,1048.73
29-07-2015,1048.25
28-07-2015,1049.63
27-07-2015,1051.72
24-07-2015,1052.02
23-07-2015,1048.69
22-07-2015,1048.83
21-07-2015,1046.1
20-07-2015,1047.25
17-07-2015,1043.61
16-07-2015,1041.11
15-07-2015,1038.85
14-07-2015,1036.18
13-07-2015,1035.76
10-07-2015,1036.87
09-07-2015,1033.16
08-07-2015,1033.29
07-07-2015,1031.58
06-07-2015,1032.85
03-07-2015,1029.57
02-07-2015,1029.58
01-07-2015,1029.96
30-06-2015,1026.99
29-06-2015,1023.94
26-06-2015,1022.84
25-06-2015,1023.62
24-06-2015,1020.46
23-06-2015,1021.05
22-06-2015,1021.97
19-06-2015,1021.57
18-06-2015,1020.9
17-06-2015,1019.57
16-06-2015,1019.67
15-06-2015,1019.25
12-06-2015,1018.81
11-06-2015,1018.72
10-06-2015,1018.24
09-06-2015,1018.26
08-06-2015,1017.75
05-06-2015,1018.05
04-06-2015,1017.25
03-06-2015,1017.35
02-06-2015,1018.13
01-06-2015,1020.95
29-05-2015,1020.07
28-05-2015,1018.62
27-05-2015,1018.46
26-05-2015,1014.78
25-05-2015,1012.86
22-05-2015,1012.86
21-05-2015,1011.42
20-05-2015,1011.87
19-05-2015,1011.19
18-05-2015,1008.75
15-05-2015,1007.09
14-05-2015,1007.04
13-05-2015,1006.48
12-05-2015,1007.18
11-05-2015,1007.15
08-05-2015,1006.76
07-05-2015,1007.01
06-05-2015,1003.98
05-05-2015,1001.85
04-05-2015,1004.03
01-05-2015,1003.74
30-04-2015,1001.25
29-04-2015,1002.85
28-04-2015,1004.77
27-04-2015,1007.03
24-04-2015,1010.37
23-04-2015,1011.23
22-04-2015,1011.83
21-04-2015,1013.05
20-04-2015,1010.63
17-04-2015,1009.14
16-04-2015,1009.05
15-04-2015,1008.03
14-04-2015,1011.18
13-04-2015,1012.6
10-04-2015,1013.42
09-04-2015,1012.78
08-04-2015,1014.23
07-04-2015,1013.1
06-04-2015,1014.29
03-04-2015,1017.81
02-04-2015,1017.81
01-04-2015,1019.49
31-03-2015,1019.26
30-03-2015,1019.93
27-03-2015,1018.34
26-03-2015,1015.59
25-03-2015,1014.66
24-03-2015,1017.07
23-03-2015,1016.78
20-03-2015,1018.88
19-03-2015,1020.63
18-03-2015,1017.84
17-03-2015,1018.98
16-03-2015,1018.86
13-03-2015,1016.26
12-03-2015,1014.72
11-03-2015,1014.24
10-03-2015,1013.58
09-03-2015,1012.82
06-03-2015,1010.63
05-03-2015,1010.55
04-03-2015,1010.01
03-03-2015,1009.33
02-03-2015,1010.29
27-02-2015,1008.92
26-02-2015,1009.26
25-02-2015,1007.15
24-02-2015,1009.63
23-02-2015,1010.98
20-02-2015,1008.78
19-02-2015,1008.36
18-02-2015,1008.74
17-02-2015,1007.59
16-02-2015,1008.25
13-02-2015,1008.26
12-02-2015,1011.67
11-02-2015,1011.92
10-02-2015,1011.01
09-02-2015,1007.92
06-02-2015,1010.94
05-02-2015,1013.7
04-02-2015,1016.94
03-02-2015,1014.53
02-02-2015,1018.59
30-01-2015,1022.93
29-01-2015,1027.69
28-01-2015,1025.71
27-01-2015,1023.22
26-01-2015,1022.69
23-01-2015,1024.03
22-01-2015,1021.36
21-01-2015,1020.79
20-01-2015,1023.69
19-01-2015,1021.75
16-01-2015,1021.77
15-01-2015,1020.82
14-01-2015,1019.48
13-01-2015,1018.18
12-01-2015,1016.45
09-01-2015,1016.24
08-01-2015,1014.15
07-01-2015,1012.98
06-01-2015,1011
05-01-2015,1009.34
02-01-2015,1005.91
01-01-2015,1006.2
31-12-2014,1006.2
30-12-2014,1007.48
29-12-2014,1007.86
26-12-2014,1008.94
25-12-2014,1008.58
24-12-2014,1008.58
23-12-2014,1007.14
22-12-2014,1009.58
19-12-2014,1007.99
18-12-2014,1010.76
17-12-2014,1010.05
16-12-2014,1010.81
15-12-2014,1013.13
12-12-2014,1012.95
11-12-2014,1013
10-12-2014,1012.46
09-12-2014,1009.82
08-12-2014,1010.97
05-12-2014,1009.75
04-12-2014,1009.26
03-12-2014,1006.55
02-12-2014,1006.45
01-12-2014,1003.44
28-11-2014,1003.58
27-11-2014,1001.36
26-11-2014,1001.39
25-11-2014,998.94
24-11-2014,998.5
21-11-2014,997.41
20-11-2014,999.57
19-11-2014,1001.38
18-11-2014,1000.84
17-11-2014,999.02
14-11-2014,998.59
13-11-2014,999.57
12-11-2014,998.07
11-11-2014,998.74
10-11-2014,1000.12
07-11-2014,998.99
06-11-2014,1002.13
05-11-2014,1000.83
04-11-2014,1002.14
03-11-2014,1000.81
31-10-2014,1000
30-10-2014,999.37
29-10-2014,1001.73
28-10-2014,999.29
27-10-2014,1000.88
24-10-2014,1000
23-10-2014,999.65
22-10-2014,1000.37
21-10-2014,998.15
20-10-2014,995.06
17-10-2014,994.93
16-10-2014,991.26
15-10-2014,990.8
14-10-2014,994.33
13-10-2014,997.27
10-10-2014,1001.69
09-10-2014,1003.27
08-10-2014,1003.07
07-10-2014,1002.78
06-10-2014,1002.15
03-10-2014,1004.48
02-10-2014,1000.57
01-10-2014,1001.55
30-09-2014,1005.16
29-09-2014,1006.16
26-09-2014,1005.86
25-09-2014,1004.15
24-09-2014,1004.7
23-09-2014,1003.1
22-09-2014,1002.73
19-09-2014,1003.14
18-09-2014,1002.69
17-09-2014,1003.23
16-09-2014,1002.94
15-09-2014,999.52
12-09-2014,1000.86
11-09-2014,1002.64
10-09-2014,1002.5
09-09-2014,1002.03
08-09-2014,1002.75
05-09-2014,1002.43
04-09-2014,1001.72
03-09-2014,1002.9
02-09-2014,1002.91
01-09-2014,1001.04
29-08-2014,1001.06
28-08-2014,1001.47
27-08-2014,1001.4
26-08-2014,1001.5
25-08-2014,1002.61
22-08-2014,1001.38
21-08-2014,1000.59
20-08-2014,1001.63
19-08-2014,1002.26
18-08-2014,1002.83
15-08-2014,1002.63
14-08-2014,1002.47
13-08-2014,1003.66
12-08-2014,999.83
11-08-2014,999.73
08-08-2014,1000.15
07-08-2014,1000.54
06-08-2014,1000.74
05-08-2014,1002.36
04-08-2014,1003.91
01-08-2014,1003.2
31-07-2014,1002.4
30-07-2014,1005.61
29-07-2014,1005.93
28-07-2014,1006.6
25-07-2014,1007.69
24-07-2014,1007.94
23-07-2014,1007.19
22-07-2014,1006.71
21-07-2014,1006.31
18-07-2014,1005.7
17-07-2014,1003.39
16-07-2014,1004.73
15-07-2014,1004.78
14-07-2014,1006.58
11-07-2014,1005.72
10-07-2014,1005.44
09-07-2014,1004.98
08-07-2014,1002.59
07-07-2014,1004.21
04-07-2014,1005.65
03-07-2014,1005.65
02-07-2014,1005.36
01-07-2014,1005.81
30-06-2014,1004.38
27-06-2014,1004.48
26-06-2014,1005.17
25-06-2014,1004.24
24-06-2014,1001.51
23-06-2014,1003.22
20-06-2014,1004.54
19-06-2014,1002.74
18-06-2014,1002.49
17-06-2014,1001.67
16-06-2014,1001.17
13-06-2014,1000.79
12-06-2014,1000.75
11-06-2014,1001.52
10-06-2014,1001.07
09-06-2014,1001.17
06-06-2014,1002.4
05-06-2014,1003.11
04-06-2014,1004.09
03-06-2014,1002.71
02-06-2014,1003.37
30-05-2014,1002
29-05-2014,1001.85
28-05-2014,1001.38
27-05-2014,1001.08
26-05-2014,1000.2
23-05-2014,1000.16
22-05-2014,998.98
21-05-2014,999.31
20-05-2014,998.21
19-05-2014,998.56
16-05-2014,996.75
15-05-2014,997.33
14-05-2014,999.19
13-05-2014,1000.69
12-05-2014,1000.13
09-05-2014,997.72
08-05-2014,998.42
07-05-2014,1000.43
06-05-2014,1000.29
05-05-2014,1001.71
02-05-2014,1000.17
01-05-2014,999.14
30-04-2014,998.88
29-04-2014,996.79
28-04-2014,994.79
25-04-2014,997.44
24-04-2014,1001.14
23-04-2014,1003.01
22-04-2014,1003.89
21-04-2014,1001.44
18-04-2014,1000.11
17-04-2014,1000.11
16-04-2014,999.03
15-04-2014,995.55
14-04-2014,996.31
11-04-2014,997.85
10-04-2014,997.43
09-04-2014,1001.9
08-04-2014,997.77
07-04-2014,997.62
04-04-2014,1000.31
03-04-2014,1005.2
02-04-2014,1008.14
01-04-2014,1009.06
31-03-2014,1006.8
28-03-2014,1004.2
27-03-2014,1005.04
26-03-2014,1005.3
25-03-2014,1007.19
24-03-2014,1007.16
21-03-2014,1010.04
20-03-2014,1012.83
19-03-2014,1011.9
18-03-2014,1012.49
17-03-2014,1012.54
14-03-2014,1012.66
13-03-2014,1010.71
12-03-2014,1010.94
11-03-2014,1010.75
10-03-2014,1012.63
07-03-2014,1013.02
06-03-2014,1014.21
05-03-2014,1016.31
04-03-2014,1016.21
03-03-2014,1012.2
28-02-2014,1012.96
27-02-2014,1013.63
26-02-2014,1014.2
25-02-2014,1014.19
24-02-2014,1012.86
21-02-2014,1010.82
20-02-2014,1009.98
19-02-2014,1007.48
18-02-2014,1007.51
17-02-2014,1004.23
14-02-2014,1004.21
13-02-2014,1005.59
12-02-2014,1003.74
11-02-2014,1002.82
10-02-2014,1000.95
07-02-2014,1002.04
06-02-2014,999.2
05-02-2014,1000.09
04-02-2014,999.8
03-02-2014,1000.29
31-01-2014,1003.42
30-01-2014,1001.91
29-01-2014,998.47
28-01-2014,999.24
27-01-2014,996.6
24-01-2014,997.93
23-01-2014,1001.78
22-01-2014,1003.42
21-01-2014,1001.81
20-01-2014,1001.18
17-01-2014,1001.19
16-01-2014,1001.77
15-01-2014,1002.19
14-01-2014,1004.96
13-01-2014,1003.55
10-01-2014,1005.41
09-01-2014,1006.42
08-01-2014,1005.53
07-01-2014,1001.56
06-01-2014,1000.44
03-01-2014,1000.18
02-01-2014,999.28
01-01-2014,999.83
31-12-2013,999.83
30-12-2013,1000.06
27-12-2013,1000.85
26-12-2013,1004.17
25-12-2013,1002.94
24-12-2013,1002.94
23-12-2013,1003.44
20-12-2013,1003.61
19-12-2013,1004.17
18-12-2013,1003.9
17-12-2013,1002.86
16-12-2013,1003.38
13-12-2013,1002.84
12-12-2013,1001.71
11-12-2013,998.96
10-12-2013,1000.89
09-12-2013,999.86
06-12-2013,1001.94
05-12-2013,1000.3
04-12-2013,1000.4
03-12-2013,1000.96
02-12-2013,1000.48
29-11-2013,998.3
28-11-2013,999.59
27-11-2013,999.56
26-11-2013,1000.35
25-11-2013,997.51
22-11-2013,999.7
21-11-2013,999.68
20-11-2013,995.72
19-11-2013,995.54
18-11-2013,998.29
15-11-2013,1001.97
14-11-2013,1002.3
13-11-2013,1000.47
12-11-2013,998.31
11-11-2013,997.85
08-11-2013,997.31
07-11-2013,994.26
06-11-2013,999.23
05-11-2013,1003.46
04-11-2013,1001.3
01-11-2013,999.58
31-10-2013,999.69
30-10-2013,997.04
29-10-2013,999.04
28-10-2013,996.49
25-10-2013,998.62
24-10-2013,998.84
23-10-2013,999.08
22-10-2013,999.16
21-10-2013,1000.03
18-10-2013,1000.57
17-10-2013,998.72
16-10-2013,998.68
15-10-2013,995.88
14-10-2013,994.59
11-10-2013,993.14
10-10-2013,991.87
09-10-2013,986.53
08-10-2013,987.37
07-10-2013,989.89
04-10-2013,991.94
03-10-2013,990.32
02-10-2013,989.61
01-10-2013,990.36
30-09-2013,987.59
27-09-2013,986.54
26-09-2013,985
25-09-2013,983.96
24-09-2013,982.98
23-09-2013,980.29
20-09-2013,980.32
19-09-2013,979.06
18-09-2013,977.32
17-09-2013,978.86
16-09-2013,978.55
13-09-2013,978.12
12-09-2013,977.53
11-09-2013,977.62
10-09-2013,978.84
09-09-2013,976.87
06-09-2013,977.28
05-09-2013,978.64
04-09-2013,978.53
03-09-2013,977.97
02-09-2013,975.82
30-08-2013,975.79
29-08-2013,977.53
28-08-2013,975.84
27-08-2013,973.72
26-08-2013,976.79
23-08-2013,977.17
22-08-2013,977.72
21-08-2013,977.3
20-08-2013,976.81
19-08-2013,975.96
16-08-2013,976.45
15-08-2013,973.79
14-08-2013,976.99
13-08-2013,979.23
12-08-2013,978.43
09-08-2013,978.52
08-08-2013,978.03
07-08-2013,978.63
06-08-2013,979.44
05-08-2013,980.6
02-08-2013,980.24
01-08-2013,979.36
31-07-2013,977.27
30-07-2013,975
29-07-2013,974.28
26-07-2013,975.27
25-07-2013,974.92
24-07-2013,975.73
23-07-2013,975.2
22-07-2013,977.28
19-07-2013,977.02
18-07-2013,975.89
17-07-2013,975.51
16-07-2013,974.87
15-07-2013,977.41
12-07-2013,977.27
11-07-2013,975.48
10-07-2013,977.47
09-07-2013,979.03
08-07-2013,979.05
05-07-2013,978.51
04-07-2013,976.14
03-07-2013,976.17
02-07-2013,976.34
01-07-2013,975.16
28-06-2013,972.86
27-06-2013,975.06
26-06-2013,974.61
25-06-2013,972.79
24-06-2013,972.09
21-06-2013,971.72
20-06-2013,973.98
19-06-2013,975.88
18-06-2013,975.99
17-06-2013,974.85
14-06-2013,973.08
13-06-2013,972.05
12-06-2013,970.97
11-06-2013,972.34
10-06-2013,972.56
07-06-2013,972.54
06-06-2013,970.54
05-06-2013,967.9
04-06-2013,969.95
03-06-2013,971.41
31-05-2013,971.97
30-05-2013,971.51
29-05-2013,970.76
28-05-2013,972.41
27-05-2013,969.6
24-05-2013,969.62
23-05-2013,968.35
22-05-2013,967.26
21-05-2013,967.99
20-05-2013,968.64
17-05-2013,970.35
16-05-2013,969.29
15-05-2013,971.26
14-05-2013,970.7
13-05-2013,968.9
10-05-2013,966.94
09-05-2013,967.38
08-05-2013,966.23
07-05-2013,968.86
06-05-2013,968.77
03-05-2013,968.12
02-05-2013,968.4
01-05-2013,965.53
30-04-2013,966.56
29-04-2013,967.35
26-04-2013,967.5
25-04-2013,967.86
24-04-2013,969.23
23-04-2013,971.05
22-04-2013,970.02
19-04-2013,968.37
18-04-2013,965
17-04-2013,966.09
16-04-2013,965.99
15-04-2013,963.26
12-04-2013,964.19
11-04-2013,964.23
10-04-2013,964.64
09-04-2013,965.32
08-04-2013,965.77
05-04-2013,964.83
04-04-2013,964.13
03-04-2013,964.3
02-04-2013,968.02
01-04-2013,968.73
29-03-2013,968.75
28-03-2013,968.75
27-03-2013,967.81
26-03-2013,967.23
25-03-2013,965.63
22-03-2013,965.62
21-03-2013,964.47
20-03-2013,964.1
19-03-2013,963.03
18-03-2013,962.7
15-03-2013,962.38
14-03-2013,965.24
13-03-2013,965.94
12-03-2013,965.28
11-03-2013,965.41
08-03-2013,966.15
07-03-2013,966.47
06-03-2013,967.59
05-03-2013,969.35
04-03-2013,967.78
01-03-2013,964.82
28-02-2013,962.43
27-02-2013,961.01
26-02-2013,958.79
25-02-2013,955.95
22-02-2013,957.32
21-02-2013,956.02
20-02-2013,956.85
19-02-2013,958.76
18-02-2013,959.19
15-02-2013,959.23
14-02-2013,959.05
13-02-2013,958.26
12-02-2013,957.14
11-02-2013,956.25
08-02-2013,956.4
07-02-2013,956.41
06-02-2013,957.15
05-02-2013,958.65
04-02-2013,957.69
01-02-2013,957.15
31-01-2013,955.71
30-01-2013,957.48
29-01-2013,957.4
28-01-2013,957.77
25-01-2013,959.01
24-01-2013,958.96
23-01-2013,959.73
22-01-2013,958.48
21-01-2013,959.3
18-01-2013,959.25
17-01-2013,959.14
16-01-2013,958.32
15-01-2013,957.86
14-01-2013,958.43
11-01-2013,959.38
10-01-2013,959.83
09-01-2013,960.36
08-01-2013,958.65
07-01-2013,956.2
04-01-2013,956.1
03-01-2013,957.13
02-01-2013,959.3
01-01-2013,958.16
31-12-2012,958.16
28-12-2012,957.54
27-12-2012,956.91
26-12-2012,956.36
25-12-2012,958.18
24-12-2012,958.18
21-12-2012,957.29
20-12-2012,958.08
19-12-2012,956.96
18-12-2012,956.92
17-12-2012,958.16
14-12-2012,955.57
13-12-2012,956.16
12-12-2012,958.23
11-12-2012,960.04
10-12-2012,961.52
07-12-2012,961.68
06-12-2012,962.69
05-12-2012,962.6
04-12-2012,963.44
03-12-2012,965.04
30-11-2012,964.41
29-11-2012,964.6
28-11-2012,965.32
27-11-2012,966.57
26-11-2012,967.52
23-11-2012,968.99
22-11-2012,970.09
21-11-2012,970.1
20-11-2012,970.75
19-11-2012,968.04
16-11-2012,967.69
15-11-2012,963.29
14-11-2012,965.6
13-11-2012,968.56
12-11-2012,965.9
09-11-2012,966.21
08-11-2012,964.5
07-11-2012,964.26
06-11-2012,962.8
05-11-2012,963.62
02-11-2012,963.73
01-11-2012,964.73
31-10-2012,966.84
30-10-2012,966.42
29-10-2012,966.4
26-10-2012,966.42
25-10-2012,967.43
24-10-2012,970.19
23-10-2012,966.77
22-10-2012,967.55
19-10-2012,967.16
18-10-2012,964.62
17-10-2012,965.96
16-10-2012,966.45
15-10-2012,965.59
12-10-2012,964.46
11-10-2012,963.5
10-10-2012,966.55
09-10-2012,965.52
08-10-2012,966.76
05-10-2012,968.9
04-10-2012,968.23
03-10-2012,968.22
02-10-2012,964.69
01-10-2012,964.51
28-09-2012,964.31
27-09-2012,963.97
26-09-2012,962.35
25-09-2012,964.77
24-09-2012,962.07
21-09-2012,961.81
20-09-2012,960.07
19-09-2012,958.27
18-09-2012,957.5
17-09-2012,957.83
14-09-2012,956.22
13-09-2012,959.57
12-09-2012,959.64
11-09-2012,960.53
10-09-2012,962.93
07-09-2012,964.76
06-09-2012,968.88
05-09-2012,970.36
04-09-2012,971.5
03-09-2012,968.73
31-08-2012,968.72
30-08-2012,968.55
29-08-2012,967.9
28-08-2012,967.91
27-08-2012,967.24
24-08-2012,966.12
23-08-2012,965.8
22-08-2012,964.74
21-08-2012,962.97
20-08-2012,964.35
17-08-2012,966.06
16-08-2012,965.01
15-08-2012,965.95
14-08-2012,967.15
13-08-2012,963.49
10-08-2012,962.42
09-08-2012,964.16
08-08-2012,966.37
07-08-2012,966.59
06-08-2012,970.02
03-08-2012,973.58
02-08-2012,973.92
01-08-2012,969.6
31-07-2012,970.01
30-07-2012,969.77
27-07-2012,968.12
26-07-2012,970.8
25-07-2012,967.51
24-07-2012,967.48
23-07-2012,965.55
20-07-2012,965.57
19-07-2012,964.31
18-07-2012,967.56
17-07-2012,969.75
16-07-2012,969.44
13-07-2012,968.51
12-07-2012,968.53
11-07-2012,966.92
10-07-2012,968.97
09-07-2012,968.19
06-07-2012,965.8
05-07-2012,963.35
04-07-2012,962.86
03-07-2012,962.78
02-07-2012,964.19
29-06-2012,960.88
28-06-2012,961.18
27-06-2012,963.16
26-06-2012,966.27
25-06-2012,963.37
22-06-2012,960.87
21-06-2012,961.2
20-06-2012,960.83
19-06-2012,962.05
18-06-2012,964.22
15-06-2012,962.79
14-06-2012,964.11
13-06-2012,963.4
12-06-2012,964.28
11-06-2012,962.86
08-06-2012,961.18
07-06-2012,959.13
06-06-2012,958.83
05-06-2012,959.2
04-06-2012,959.39
01-06-2012,959.18
31-05-2012,962.02
30-05-2012,961.57
29-05-2012,960
28-05-2012,961.57
25-05-2012,961.53
24-05-2012,963.21
23-05-2012,960.69
22-05-2012,961.03
21-05-2012,959.25
18-05-2012,959.16
17-05-2012,958.58
16-05-2012,962.19
15-05-2012,960.21
14-05-2012,957.49
11-05-2012,958.97
10-05-2012,958.18
09-05-2012,955.14
08-05-2012,956.33
07-05-2012,957.77
04-05-2012,957.77
03-05-2012,957.64
02-05-2012,956.04
01-05-2012,952.86
30-04-2012,954.35
27-04-2012,956.21
26-04-2012,955.1
25-04-2012,954.14
24-04-2012,951.28
23-04-2012,953.27
20-04-2012,952.76
19-04-2012,950.44
18-04-2012,952.82
17-04-2012,948.99
16-04-2012,951.71
13-04-2012,952.24
12-04-2012,948.69
11-04-2012,949.38
10-04-2012,949.11
09-04-2012,951.49
06-04-2012,949.81
05-04-2012,949.81
04-04-2012,947.86
03-04-2012,947.37
02-04-2012,944.33
30-03-2012,942.7
29-03-2012,942.65
28-03-2012,942.02
27-03-2012,941.59
26-03-2012,942.13
23-03-2012,942.27
22-03-2012,942.47
21-03-2012,940.72
20-03-2012,938.9
19-03-2012,938.75
16-03-2012,937.86
15-03-2012,940.5
14-03-2012,943.49
13-03-2012,943.69
12-03-2012,945.16
09-03-2012,943.71
08-03-2012,946.14
07-03-2012,946.06
06-03-2012,944.91
05-03-2012,944.86
02-03-2012,942.31
01-03-2012,941.86
29-02-2012,940.43
28-02-2012,939.41
27-02-2012,939.74
24-02-2012,938.23
23-02-2012,937.05
22-02-2012,936.93
21-02-2012,934.75
20-02-2012,933.6
17-02-2012,933.7
16-02-2012,933.98
15-02-2012,935.27
14-02-2012,938.08
13-02-2012,937.55
10-02-2012,935.3
09-02-2012,931.73
08-02-2012,932.06
07-02-2012,931.66
06-02-2012,931.12
03-02-2012,931.66
02-02-2012,933.91
01-02-2012,935.7
31-01-2012,935.96
30-01-2012,934.17
27-01-2012,932.48
26-01-2012,932.86
25-01-2012,933.29
24-01-2012,935.84
23-01-2012,936
20-01-2012,936.77
19-01-2012,939.33
18-01-2012,942.88
17-01-2012,946.72
16-01-2012,946.23
13-01-2012,946.06
12-01-2012,943.49
11-01-2012,944.69
10-01-2012,948.92
09-01-2012,950.62
06-01-2012,951.45
05-01-2012,951.71
04-01-2012,951.12
03-01-2012,949.6
02-01-2012,954.67
30-12-2011,954.72
29-12-2011,957.37
28-12-2011,958.03
27-12-2011,956.66
26-12-2011,954.5
23-12-2011,954.5
22-12-2011,953.17
21-12-2011,957.23
20-12-2011,957.32
19-12-2011,957.63
16-12-2011,954.22
15-12-2011,952.07
14-12-2011,950.9
13-12-2011,951.96
12-12-2011,951.17
09-12-2011,949.69
08-12-2011,949.25
07-12-2011,945.81
06-12-2011,947.71
05-12-2011,948.15
02-12-2011,949.83
01-12-2011,950.15
30-11-2011,950.66
29-11-2011,953.23
28-11-2011,952.57
25-11-2011,952.48
24-11-2011,952.29
23-11-2011,952.25
22-11-2011,952.63
21-11-2011,950.1
18-11-2011,947.6
17-11-2011,948.9
16-11-2011,948.12
15-11-2011,948.92
14-11-2011,947.86
11-11-2011,945.07
10-11-2011,945.1
09-11-2011,945.23
08-11-2011,942.78
07-11-2011,944.66
04-11-2011,945.87
03-11-2011,947.33
02-11-2011,947.71
01-11-2011,948.42
31-10-2011,945.83
28-10-2011,941.93
27-10-2011,943.38
26-10-2011,947.94
25-10-2011,947.86
24-10-2011,946.82
21-10-2011,948.94
20-10-2011,950.58
19-10-2011,950.08
18-10-2011,950.09
17-10-2011,954.4
14-10-2011,952.11
13-10-2011,951
12-10-2011,950.17
11-10-2011,953.09
10-10-2011,953.63
07-10-2011,951.98
06-10-2011,947.93
05-10-2011,947.56
04-10-2011,947.12
03-10-2011,948.04
30-09-2011,947.73
29-09-2011,947.77
28-09-2011,953.31
27-09-2011,952.99
26-09-2011,953.1
23-09-2011,955.33
22-09-2011,958.92
21-09-2011,960.12
20-09-2011,960.64
19-09-2011,962.69
16-09-2011,957.13
15-09-2011,956.22
14-09-2011,957.32
13-09-2011,957.98
12-09-2011,957.06
09-09-2011,957.28
08-09-2011,957.85
07-09-2011,955.53
06-09-2011,959.02
05-09-2011,955.53
02-09-2011,955.46
01-09-2011,953.47
31-08-2011,951.63
30-08-2011,952.43
29-08-2011,951.36
26-08-2011,953.49
25-08-2011,950.84
24-08-2011,951.71
23-08-2011,952.55
22-08-2011,947.72
19-08-2011,946.84
18-08-2011,949.84
17-08-2011,954.84
16-08-2011,956.55
15-08-2011,958.88
12-08-2011,959.47
11-08-2011,957.48
10-08-2011,955.8
09-08-2011,951.82
08-08-2011,943.73
05-08-2011,948.33
04-08-2011,951.2
03-08-2011,954.22
02-08-2011,955.15
01-08-2011,957.29
29-07-2011,953.98
28-07-2011,952.79
27-07-2011,951.05
26-07-2011,953.72
25-07-2011,955.75
22-07-2011,956.46
21-07-2011,955.04
20-07-2011,957.42
19-07-2011,959.84
18-07-2011,957.11
15-07-2011,955.47
14-07-2011,955.41
13-07-2011,955.35
12-07-2011,954.11
11-07-2011,956.85
08-07-2011,958.36
07-07-2011,957.03
06-07-2011,957.9
05-07-2011,956.61
04-07-2011,952.81
01-07-2011,952.84
30-06-2011,952.23
29-06-2011,951.71
28-06-2011,951.3
27-06-2011,948.33
24-06-2011,946.09
23-06-2011,945.43
22-06-2011,943.97
21-06-2011,943.45
20-06-2011,938.92
17-06-2011,937.29
16-06-2011,937.42
15-06-2011,940.47
14-06-2011,942.47
13-06-2011,940.21
10-06-2011,942.23
09-06-2011,944.03
08-06-2011,942.91
07-06-2011,942.99
06-06-2011,941.05
03-06-2011,942.46
02-06-2011,942.32
01-06-2011,942.3
31-05-2011,942.51
30-05-2011,942.12
27-05-2011,942.11
26-05-2011,942.13
25-05-2011,940.69
24-05-2011,937.27
23-05-2011,937.3
20-05-2011,938.77
19-05-2011,938.6
18-05-2011,937.56
17-05-2011,934.23
16-05-2011,934.46
13-05-2011,936.63
12-05-2011,937.3
11-05-2011,938.11
10-05-2011,940.96
09-05-2011,941.04
06-05-2011,937.75
05-05-2011,935.57
04-05-2011,935.91
03-05-2011,938.36
02-05-2011,941.5
29-04-2011,943.33
28-04-2011,943.03
27-04-2011,943.06
26-04-2011,942.61
25-04-2011,944.28
22-04-2011,944.91
21-04-2011,944.91
20-04-2011,941.98
19-04-2011,938.9
18-04-2011,937.25
15-04-2011,939.04
14-04-2011,937.81
13-04-2011,937.42
12-04-2011,933.63
11-04-2011,935.21
08-04-2011,935.96
07-04-2011,935.51
06-04-2011,935.7
05-04-2011,939.34
04-04-2011,938.85
01-04-2011,937.35
31-03-2011,936.97
30-03-2011,936.13
29-03-2011,935.75
28-03-2011,933.95
25-03-2011,934.48
24-03-2011,933.06
23-03-2011,931.85
22-03-2011,930.31
21-03-2011,931.07
18-03-2011,926.91
17-03-2011,928.18
16-03-2011,927.23
15-03-2011,927.45
14-03-2011,927.44
11-03-2011,927.29
10-03-2011,926.52
09-03-2011,928.87
08-03-2011,930.96
07-03-2011,930.78
04-03-2011,931.66
03-03-2011,930.5
02-03-2011,927.69
01-03-2011,926.15
28-02-2011,926.63
25-02-2011,926.85
24-02-2011,924.87
23-02-2011,923.12
22-02-2011,924.77
21-02-2011,926.69
18-02-2011,926.68
17-02-2011,928.36
16-02-2011,928.13
15-02-2011,927.83
14-02-2011,929.29
11-02-2011,927.57
10-02-2011,925.76
09-02-2011,923.64
08-02-2011,921.94
07-02-2011,921.7
04-02-2011,921.47
03-02-2011,920.33
02-02-2011,919.86
01-02-2011,920.03
31-01-2011,918.2
28-01-2011,918.32
27-01-2011,917.74
26-01-2011,916.73
25-01-2011,913.19
24-01-2011,914.98
21-01-2011,917.25
20-01-2011,917.11
19-01-2011,921.18
18-01-2011,922.07
17-01-2011,922.5
14-01-2011,922.48
13-01-2011,922.72
12-01-2011,922.15
11-01-2011,923.33
10-01-2011,923.64
07-01-2011,921.72
06-01-2011,921.34
05-01-2011,923.52
04-01-2011,923.26
03-01-2011,923.82
31-12-2010,923.2
30-12-2010,923.53
29-12-2010,923.74
28-12-2010,924.14
27-12-2010,925.42
24-12-2010,925.4
23-12-2010,925.4
22-12-2010,926
21-12-2010,928.67
20-12-2010,927.11
17-12-2010,927.5
16-12-2010,928.18
15-12-2010,926.85
14-12-2010,927.32
13-12-2010,928.78
10-12-2010,929.32
09-12-2010,929.49
08-12-2010,928.6
07-12-2010,929.8
06-12-2010,930.64
03-12-2010,930.1
02-12-2010,930.67
01-12-2010,931.06
30-11-2010,929.34
29-11-2010,929.41
26-11-2010,929.53
25-11-2010,928.76
24-11-2010,928.82
23-11-2010,926.12
22-11-2010,926.12
19-11-2010,922.61
18-11-2010,920.76
17-11-2010,918.19
16-11-2010,916.75
15-11-2010,918.34
12-11-2010,917.76
11-11-2010,918.51
10-11-2010,918.37
09-11-2010,917.8
08-11-2010,919.65
05-11-2010,920.01
04-11-2010,920.47
03-11-2010,920.16
02-11-2010,919.13
01-11-2010,918.56
29-10-2010,918.13
28-10-2010,917.41
27-10-2010,918.26
26-10-2010,917.86
25-10-2010,917.44
22-10-2010,916.85
21-10-2010,915.97
20-10-2010,914.92
19-10-2010,913.41
18-10-2010,914.72
15-10-2010,916.91
14-10-2010,917.97
13-10-2010,916.41
12-10-2010,917.43
11-10-2010,916.51
08-10-2010,917.12
07-10-2010,916.64
06-10-2010,915.82
05-10-2010,918.64
04-10-2010,917.41
01-10-2010,915.42
30-09-2010,915.43
29-09-2010,918.35
28-09-2010,918.19
27-09-2010,918.39
24-09-2010,918.62
23-09-2010,918
22-09-2010,917.95
21-09-2010,918.46
20-09-2010,918.65
17-09-2010,918.57
16-09-2010,918.22
15-09-2010,918.07
14-09-2010,918.35
13-09-2010,918.36
10-09-2010,917.78
09-09-2010,918.53
08-09-2010,919.86
07-09-2010,920.15
06-09-2010,919.09
03-09-2010,919.12
02-09-2010,918.59
01-09-2010,918.3
31-08-2010,916
30-08-2010,913.21
27-08-2010,913.78
26-08-2010,911.98
25-08-2010,911.31
24-08-2010,911.88
23-08-2010,913.78
20-08-2010,914.47
19-08-2010,913.59
18-08-2010,915.12
17-08-2010,914.9
16-08-2010,913.8
13-08-2010,912.21
12-08-2010,912.37
11-08-2010,912.46
10-08-2010,914.49
09-08-2010,914.6
06-08-2010,913.26
05-08-2010,913.6
04-08-2010,913.17
03-08-2010,912.93
02-08-2010,912.56
30-07-2010,911.23
29-07-2010,911.4
28-07-2010,908.49
27-07-2010,907.57
26-07-2010,909.64
23-07-2010,909.21
22-07-2010,907.86
21-07-2010,906.01
20-07-2010,904.41
19-07-2010,904.29
16-07-2010,904.65
15-07-2010,906.53
14-07-2010,908.07
13-07-2010,907.99
12-07-2010,906.51
09-07-2010,907.71
08-07-2010,907.58
07-07-2010,907.21
06-07-2010,903.52
05-07-2010,903.3
02-07-2010,903.38
01-07-2010,905.43
30-06-2010,907.13
29-06-2010,907.72
28-06-2010,911.51
25-06-2010,911.65
24-06-2010,910.58
23-06-2010,911.56
22-06-2010,911.77
21-06-2010,913.79
18-06-2010,913
17-06-2010,913.44
16-06-2010,913.29
15-06-2010,912.5
14-06-2010,911.71
11-06-2010,909.88
10-06-2010,908.27
09-06-2010,905.67
08-06-2010,903.45
07-06-2010,902.13
04-06-2010,905.46
03-06-2010,910.52
02-06-2010,911.17
01-06-2010,909.18
31-05-2010,909.45
28-05-2010,909.41
27-05-2010,910.77
26-05-2010,903.89
25-05-2010,902.03
24-05-2010,901.71
21-05-2010,901.23
20-05-2010,896.09
19-05-2010,900.83
18-05-2010,903.77
17-05-2010,906.54
14-05-2010,910.39
13-05-2010,914.77
12-05-2010,915.47
11-05-2010,911.42
10-05-2010,910.38
07-05-2010,901.37
06-05-2010,904.95
05-05-2010,909.26
04-05-2010,911.44
03-05-2010,915.37
30-04-2010,911.48
29-04-2010,914.93
28-04-2010,912.01
27-04-2010,911.31
26-04-2010,916.59
23-04-2010,915.21
22-04-2010,913.93
21-04-2010,911.91
20-04-2010,910.58
19-04-2010,908.89
16-04-2010,910.91
15-04-2010,914.08
14-04-2010,914.43
13-04-2010,911.84
12-04-2010,911.23
09-04-2010,911.65
08-04-2010,911.24
07-04-2010,910.01
06-04-2010,910.71
05-04-2010,909.81
02-04-2010,905.77
01-04-2010,905.77
31-03-2010,903.86
30-03-2010,904.99
29-03-2010,906.41
26-03-2010,905.17
25-03-2010,904.65
24-03-2010,904.86
23-03-2010,904.05
22-03-2010,900.09
19-03-2010,897.54
18-03-2010,901.85
17-03-2010,903.17
16-03-2010,902.71
15-03-2010,902.23
12-03-2010,902.83
11-03-2010,902.74
10-03-2010,903.29
09-03-2010,902.76
08-03-2010,902.24
05-03-2010,902.89
04-03-2010,901.14
03-03-2010,899.59
02-03-2010,900.37
01-03-2010,899.56
26-02-2010,895.48
25-02-2010,894.9
24-02-2010,894.06
23-02-2010,892.62
22-02-2010,894.77
19-02-2010,894.51
18-02-2010,895.35
17-02-2010,894.36
16-02-2010,893.83
15-02-2010,890.77
12-02-2010,890.77
11-02-2010,889.73
10-02-2010,887.63
09-02-2010,886.41
08-02-2010,883.1
05-02-2010,882.36
04-02-2010,883.47
03-02-2010,888.27
02-02-2010,888.68
01-02-2010,887.18
29-01-2010,883.77
28-01-2010,885.44
27-01-2010,886.42
26-01-2010,886.68
25-01-2010,886.6
22-01-2010,885.55
21-01-2010,888.76
20-01-2010,892.65
19-01-2010,894.07
18-01-2010,893.87
15-01-2010,893.84
14-01-2010,895.2
13-01-2010,896.2
12-01-2010,895.13
11-01-2010,898.8
08-01-2010,898.92
07-01-2010,898.59
06-01-2010,900.41
05-01-2010,900.94
04-01-2010,898.44
01-01-2010,896.88
31-12-2009,896.88
30-12-2009,896.4
29-12-2009,897.7
28-12-2009,898.95
25-12-2009,899.29
24-12-2009,899.29
23-12-2009,899.58
22-12-2009,898.75
21-12-2009,896.97
18-12-2009,896.5
17-12-2009,897.61
16-12-2009,898.45
15-12-2009,896.76
14-12-2009,898
11-12-2009,895.88
10-12-2009,896.44
09-12-2009,895.68
08-12-2009,894.48
07-12-2009,894.7
04-12-2009,896.2
03-12-2009,894.72
02-12-2009,894.46
01-12-2009,893.48
30-11-2009,890.72
27-11-2009,892.04
26-11-2009,894.54
25-11-2009,894.44
24-11-2009,894.76
23-11-2009,895.65
20-11-2009,895.95
19-11-2009,897.28
18-11-2009,897.64
17-11-2009,897.48
16-11-2009,896.41
13-11-2009,896.16
12-11-2009,894.35
11-11-2009,895.63
10-11-2009,895.17
09-11-2009,892.89
06-11-2009,890.88
05-11-2009,891.66
04-11-2009,890.01
03-11-2009,890.87
02-11-2009,887.68
30-10-2009,885.87
29-10-2009,889.17
28-10-2009,883.93
27-10-2009,887.19
26-10-2009,889.57
23-10-2009,890.13
22-10-2009,890.64
21-10-2009,891.8
20-10-2009,892.9
19-10-2009,892.48
16-10-2009,893.13
15-10-2009,894.79
14-10-2009,896.01
13-10-2009,893.93
12-10-2009,894.3
09-10-2009,894.13
08-10-2009,893.46
07-10-2009,895.09
06-10-2009,895.41
05-10-2009,894.45
02-10-2009,890.56
01-10-2009,888.75
30-09-2009,891.49
29-09-2009,890.29
28-09-2009,890.31
25-09-2009,887.4
24-09-2009,888.23
23-09-2009,887.82
22-09-2009,888.46
21-09-2009,889.61
18-09-2009,887.09
17-09-2009,887.98
16-09-2009,889.1
15-09-2009,890.06
14-09-2009,891.33
11-09-2009,891.89
10-09-2009,895.26
09-09-2009,896.62
08-09-2009,895.87
07-09-2009,898.28
04-09-2009,898.27
03-09-2009,899.07
02-09-2009,897.62
01-09-2009,897.78
31-08-2009,900.05
28-08-2009,899.71
27-08-2009,900.46
26-08-2009,900.79
25-08-2009,901.21
24-08-2009,898.79
21-08-2009,898.24
20-08-2009,899.01
19-08-2009,897.81
18-08-2009,897.59
17-08-2009,897.21
14-08-2009,895.78
13-08-2009,896.47
12-08-2009,897.26
11-08-2009,898.3
10-08-2009,897.32
07-08-2009,899.1
06-08-2009,902.05
05-08-2009,905.78
04-08-2009,906.16
03-08-2009,907.43
31-07-2009,909.88
30-07-2009,910
29-07-2009,912.67
28-07-2009,909.27
27-07-2009,908.61
24-07-2009,910.37
23-07-2009,914
22-07-2009,918.29
21-07-2009,919.36
20-07-2009,919.22
17-07-2009,922.14
16-07-2009,921.38
15-07-2009,923.04
14-07-2009,926.21
13-07-2009,927.95
10-07-2009,927.86
09-07-2009,927.41
08-07-2009,928.66
07-07-2009,930.05
06-07-2009,928.22
03-07-2009,926.68
02-07-2009,926.66
01-07-2009,924.72
30-06-2009,925.87
29-06-2009,925
26-06-2009,922.96
25-06-2009,925.42
24-06-2009,924.76
23-06-2009,924.34
22-06-2009,924.14
19-06-2009,922.23
18-06-2009,922.91
17-06-2009,921.83
16-06-2009,918.1
15-06-2009,916.31
12-06-2009,914.04
11-06-2009,914.96
10-06-2009,917.59
09-06-2009,921.27
08-06-2009,922.93
05-06-2009,921.69
04-06-2009,923.86
03-06-2009,926.77
02-06-2009,924.34
01-06-2009,922.34
29-05-2009,928.4
28-05-2009,929.83
27-05-2009,931.19
26-05-2009,931.35
25-05-2009,930.37
22-05-2009,930.38
21-05-2009,931.66
20-05-2009,929.58
19-05-2009,932.6
18-05-2009,935.16
15-05-2009,939.3
14-05-2009,937.63
13-05-2009,939.39
12-05-2009,932.83
11-05-2009,931.53
08-05-2009,927.88
07-05-2009,938.51
06-05-2009,938.58
05-05-2009,942.97
04-05-2009,943.31
01-05-2009,951.39
30-04-2009,955.75
29-04-2009,964.35
28-04-2009,969.25
27-04-2009,966.71
24-04-2009,962.1
23-04-2009,970.82
22-04-2009,973.02
21-04-2009,976.97
20-04-2009,986.17
17-04-2009,972.6
16-04-2009,980.06
15-04-2009,983.85
14-04-2009,989.72
13-04-2009,989.73
10-04-2009,993.87
09-04-2009,993.87
08-04-2009,1011.02
07-04-2009,1014.56
06-04-2009,1010.89
03-04-2009,1011.14
02-04-2009,1018.79
01-04-2009,1033.7
31-03-2009,1041.12
30-03-2009,1044.56
27-03-2009,1030.25
26-03-2009,1028.16
25-03-2009,1036.96
24-03-2009,1039.15
23-03-2009,1039.36
20-03-2009,1057.19
19-03-2009,1052.51
18-03-2009,1054.85
17-03-2009,1065.23
16-03-2009,1068.57
13-03-2009,1078.51
12-03-2009,1085.14
11-03-2009,1092.5
10-03-2009,1095.14
09-03-2009,1110.62
06-03-2009,1114.05
05-03-2009,1113.42
04-03-2009,1102.87
03-03-2009,1104.67
02-03-2009,1103.34
27-02-2009,1091.27
26-02-2009,1086.01
25-02-2009,1093.56
24-02-2009,1095.02
23-02-2009,1101.73
20-02-2009,1100
19-02-2009,1095.81
18-02-2009,1089.25
17-02-2009,1088.52
16-02-2009,1081.18
13-02-2009,1081.21
12-02-2009,1081.23
11-02-2009,1079.07
10-02-2009,1081.6
09-02-2009,1072.82
06-02-2009,1075.77
05-02-2009,1085.06
04-02-2009,1092.15
03-02-2009,1093.82
02-02-2009,1091.36
30-01-2009,1088.77
29-01-2009,1083.27
28-01-2009,1077.37
27-01-2009,1081.63
26-01-2009,1085.25
23-01-2009,1083.08
22-01-2009,1086.86
21-01-2009,1080.88
20-01-2009,1083.1
19-01-2009,1074.78
16-01-2009,1074.89
15-01-2009,1075.14
14-01-2009,1068.93
13-01-2009,1062.14
12-01-2009,1061.11
09-01-2009,1053.4
08-01-2009,1053.48
07-01-2009,1056.45
06-01-2009,1053.31
05-01-2009,1071.93
02-01-2009,1079.58
01-01-2009,1095.63
31-12-2008,1095.63
30-12-2008,1100.28
29-12-2008,1102.4
26-12-2008,1098.92
25-12-2008,1098.84
24-12-2008,1098.84
23-12-2008,1100
22-12-2008,1097.53
19-12-2008,1093.6
18-12-2008,1097.87
17-12-2008,1096.03
16-12-2008,1097.53
15-12-2008,1102.16
12-12-2008,1098.79
11-12-2008,1098.03
10-12-2008,1094.83
09-12-2008,1097.39
08-12-2008,1097.75
05-12-2008,1112.56
04-12-2008,1121.87
03-12-2008,1119.03
02-12-2008,1120.73
01-12-2008,1133
28-11-2008,1116.92
27-11-2008,1125.79
26-11-2008,1125.84
25-11-2008,1138.79
24-11-2008,1140.75
21-11-2008,1158.81
20-11-2008,1160.41
19-11-2008,1149.23
18-11-2008,1140.28
17-11-2008,1138.48
14-11-2008,1130.54
13-11-2008,1129.47
12-11-2008,1137.24
11-11-2008,1124.13
10-11-2008,1115.59
07-11-2008,1108.19
06-11-2008,1110.89
05-11-2008,1099.36
04-11-2008,1094.02
03-11-2008,1099.58
31-10-2008,1101.11
30-10-2008,1105.85
29-10-2008,1111.85
28-10-2008,1114.82
27-10-2008,1120.79
24-10-2008,1118.69
23-10-2008,1114.56
22-10-2008,1109.89
21-10-2008,1108.48
20-10-2008,1105.63
17-10-2008,1102.3
16-10-2008,1103.53
15-10-2008,1096.91
14-10-2008,1097.31
13-10-2008,1099.49
10-10-2008,1100.55
09-10-2008,1104.1
08-10-2008,1091.79
07-10-2008,1085.3
06-10-2008,1080.91
03-10-2008,1075.44
02-10-2008,1073.94
01-10-2008,1076.5
30-09-2008,1082.27
29-09-2008,1085.82
26-09-2008,1077.5
25-09-2008,1075.51
24-09-2008,1075.15
23-09-2008,1073.59
22-09-2008,1073.7
19-09-2008,1070.64
18-09-2008,1079.75
17-09-2008,1090.57
16-09-2008,1091.15
15-09-2008,1088.82
12-09-2008,1085.31
11-09-2008,1081.07
10-09-2008,1076.16
09-09-2008,1066.14
08-09-2008,1068.84
05-09-2008,1072.79
04-09-2008,1074.27
03-09-2008,1072.72
02-09-2008,1078.36
01-09-2008,1084.36
29-08-2008,1084.33
28-08-2008,1083.73
27-08-2008,1089.61
26-08-2008,1090.66
25-08-2008,1091.81
22-08-2008,1091.12
21-08-2008,1093.79
20-08-2008,1092.64
19-08-2008,1087.58
18-08-2008,1079.72
15-08-2008,1075.92
14-08-2008,1080.93
13-08-2008,1085.37
12-08-2008,1081.36
11-08-2008,1077.52
08-08-2008,1083.4
07-08-2008,1090.18
06-08-2008,1088.35
05-08-2008,1089.22
04-08-2008,1099.07
01-08-2008,1104.06
31-07-2008,1107.82
30-07-2008,1108.55
29-07-2008,1104.6
28-07-2008,1111.77
25-07-2008,1103.48
24-07-2008,1099.69
23-07-2008,1090.19
22-07-2008,1101.54
21-07-2008,1111.33
18-07-2008,1108.02
17-07-2008,1109.95
16-07-2008,1127.94
15-07-2008,1142.73
14-07-2008,1145.36
11-07-2008,1135.64
10-07-2008,1129.24
09-07-2008,1119.4
08-07-2008,1109.65
07-07-2008,1115.88
04-07-2008,1111.77
03-07-2008,1111.78
02-07-2008,1111.69
25-06-2008,1100.82
18-06-2008,1094.57
11-06-2008,1087.12
04-06-2008,1071.06
28-05-2008,1069.91
21-05-2008,1067.84
14-05-2008,1066.97
07-05-2008,1062.92
30-04-2008,1063.4
23-04-2008,1078.78
16-04-2008,1079.93
09-04-2008,1068.86
02-04-2008,1061.42
26-03-2008,1067.19
19-03-2008,1072.88
12-03-2008,1075.58
05-03-2008,1069
27-02-2008,1055.43
20-02-2008,1059.66
13-02-2008,1061.13
06-02-2008,1049.49
30-01-2008,1049.47
23-01-2008,1056.36
16-01-2008,1074.34
09-01-2008,1088.64
02-01-2008,1082.97
26-12-2007,1081.37
19-12-2007,1075.16
12-12-2007,1071.07
05-12-2007,1073.63
28-11-2007,1066.71
21-11-2007,1058.77
14-11-2007,1053.23
07-11-2007,1064.92
31-10-2007,1059.12
24-10-2007,1057.88
17-10-2007,1053.08
10-10-2007,1045.23
03-10-2007,1036.94
26-09-2007,1040.12
19-09-2007,1030.26
12-09-2007,1028.19
05-09-2007,1026.79
29-08-2007,1023.28
22-08-2007,1021.93
15-08-2007,1015.94
08-08-2007,1010.23
01-08-2007,1021.02
25-07-2007,1018.3
18-07-2007,1021.79
11-07-2007,1019.57
04-07-2007,1017.21
27-06-2007,1011.85
20-06-2007,1011.67
13-06-2007,1009.06
06-06-2007,1009.14
30-05-2007,1008.37
23-05-2007,1005.59
16-05-2007,1007.62
09-05-2007,1007.31
02-05-2007,1004.53
25-04-2007,1006.74
18-04-2007,1006.2
11-04-2007,1010.23
04-04-2007,1010.09
28-03-2007,1006.12
21-03-2007,1004.34
14-03-2007,1002.37
07-03-2007,997.1
28-02-2007,995.42
21-02-2007,998.91
14-02-2007,999.34
07-02-2007,1000.84
31-01-2007,998.22
24-01-2007,1000.33
17-01-2007,998.79
10-01-2007,997.1
03-01-2007,995.54
27-12-2006,996.17
20-12-2006,994.83
13-12-2006,995.26
06-12-2006,993.56
29-11-2006,991.85
22-11-2006,990.23
15-11-2006,991.41
08-11-2006,993.95
01-11-2006,994.37
25-10-2006,998.98
18-10-2006,1000.59
11-10-2006,998.46
04-10-2006,995.73
27-09-2006,995.41
20-09-2006,994.71
13-09-2006,995.52
06-09-2006,999.65
30-08-2006,1001.37
23-08-2006,1004.92
16-08-2006,1008.53
09-08-2006,1012.65
02-08-2006,1014.62
26-07-2006,1015.05
19-07-2006,1018.21
12-07-2006,1018.06
05-07-2006,1020.44
28-06-2006,1012.65
21-06-2006,1008.58
14-06-2006,999.12
07-06-2006,1009.02
31-05-2006,1013.84
24-05-2006,1010.86
17-05-2006,1016.38
10-05-2006,1027.43
03-05-2006,1025.21
26-04-2006,1021.04
19-04-2006,1022.97
12-04-2006,1017.17
05-04-2006,1020.83
29-03-2006,1017.56
22-03-2006,1014.31
15-03-2006,1014.78
08-03-2006,1010.35
01-03-2006,1012.82
22-02-2006,1007.36
15-02-2006,1002.65
08-02-2006,1005.15
01-02-2006,1009.28
25-01-2006,1006.67
18-01-2006,1007.47
11-01-2006,1006.8
04-01-2006,1006.74
28-12-2005,1004.51
21-12-2005,1005.15
14-12-2005,1000.87
07-12-2005,1001.89
30-11-2005,1000.26
23-11-2005,1000.01
16-11-2005,1003.04
09-11-2005,999.07
02-11-2005,1001.46
26-10-2005,999.02
19-10-2005,994.82
12-10-2005,992.19
05-10-2005,996.36
28-09-2005,996.77
21-09-2005,992.58
14-09-2005,991.56
07-09-2005,990.41
31-08-2005,988.23
24-08-2005,983.47
17-08-2005,982.56
10-08-2005,984.87
03-08-2005,985.98
27-07-2005,981.12
20-07-2005,984.63
13-07-2005,983.38
06-07-2005,985.57
29-06-2005,983.86
22-06-2005,981.08
15-06-2005,980.77
08-06-2005,981.02
01-06-2005,982.46
25-05-2005,979.27
18-05-2005,979.77
11-05-2005,983.81
04-05-2005,983.75
27-04-2005,985.12
20-04-2005,981.86
13-04-2005,983.5
06-04-2005,982.02
30-03-2005,974.79
23-03-2005,975.45
16-03-2005,974.73
09-03-2005,973.57
02-03-2005,976.65
23-02-2005,974.48
16-02-2005,974.44
09-02-2005,973.39
02-02-2005,969.75
26-01-2005,964.04
19-01-2005,966.04
12-01-2005,960.53
05-01-2005,958.71
29-12-2004,960.36
22-12-2004,961.16
15-12-2004,961.06
08-12-2004,961.8
01-12-2004,963.88
24-11-2004,962.8
17-11-2004,960.55
10-11-2004,965.8
03-11-2004,964.58
27-10-2004,966.52
20-10-2004,966.7
13-10-2004,962.03
06-10-2004,962.31
29-09-2004,961.62
22-09-2004,957.8
15-09-2004,955.68
08-09-2004,956.55
01-09-2004,953.8
25-08-2004,952.17
18-08-2004,954.81
11-08-2004,955.08
04-08-2004,956.07
28-07-2004,955.47
21-07-2004,954.85
14-07-2004,958.56
07-07-2004,959.73
30-06-2004,956.44
23-06-2004,953.72
16-06-2004,952.62
09-06-2004,951.22
02-06-2004,952.56
26-05-2004,951.03
19-05-2004,947.25
12-05-2004,946.28
05-05-2004,952.64
28-04-2004,952.24
21-04-2004,957.91
14-04-2004,958.83
07-04-2004,963.57
31-03-2004,962.26
24-03-2004,950.76
17-03-2004,954.61
10-03-2004,952.7
03-03-2004,959.12
25-02-2004,954.77
18-02-2004,958.41
11-02-2004,961.39
04-02-2004,956.23
28-01-2004,962.86
21-01-2004,966.16
14-01-2004,963.52
07-01-2004,958.71
31-12-2003,953.61
24-12-2003,953.85
17-12-2003,955.89
10-12-2003,955.4
03-12-2003,968.75
26-11-2003,968.69
19-11-2003,962.84
12-11-2003,967.64
05-11-2003,972.14
29-10-2003,968.22
22-10-2003,966.19
15-10-2003,968.6
08-10-2003,968.01
01-10-2003,958.81
24-09-2003,960.82
17-09-2003,960.8
10-09-2003,955.47
03-09-2003,958.15
27-08-2003,956.48
20-08-2003,957.19
13-08-2003,955.32
06-08-2003,952.58
30-07-2003,959.32
23-07-2003,963.88
16-07-2003,963.17
09-07-2003,965.91
02-07-2003,963.75
25-06-2003,956.5
18-06-2003,956.22
11-06-2003,956.72
04-06-2003,958.48
28-05-2003,963.71
21-05-2003,964.59
14-05-2003,964.33
07-05-2003,968.56
30-04-2003,973.58
23-04-2003,978.86
16-04-2003,990.5
09-04-2003,995.04
02-04-2003,994.83
26-03-2003,997.5
19-03-2003,997.54
12-03-2003,1007.53
05-03-2003,1001.24
26-02-2003,1001.2
19-02-2003,998.09
12-02-2003,999.44
05-02-2003,994.26
29-01-2003,988.48
22-01-2003,984.12
15-01-2003,975.54
08-01-2003,984.92
01-01-2003,988.62
25-12-2002,995.19
18-12-2002,992.71
11-12-2002,989.2
04-12-2002,982.27
27-11-2002,981.13
20-11-2002,999.41
13-11-2002,1012.14
06-11-2002,1007.92
30-10-2002,1039.03
23-10-2002,1052.62
16-10-2002,1064.1
09-10-2002,1071.06
02-10-2002,1059.63
25-09-2002,1039.05
18-09-2002,1032.26
11-09-2002,1017.98
04-09-2002,1012.98
28-08-2002,1008.76
21-08-2002,1015.43
14-08-2002,1037.21
07-08-2002,1032.17
31-07-2002,1026.78
24-07-2002,1021.52
17-07-2002,1003.36
10-07-2002,1019.44
03-07-2002,1019.86
26-06-2002,1021.42
19-06-2002,1010.37
12-06-2002,1006.56
05-06-2002,995.27
29-05-2002,987.7
22-05-2002,985.77
15-05-2002,990.96
08-05-2002,985.67
01-05-2002,981.72
24-04-2002,975.58
17-04-2002,967.79
10-04-2002,974.13
03-04-2002,967.76
27-03-2002,965.69
20-03-2002,962.68
13-03-2002,960.81
06-03-2002,963.64
27-02-2002,983.44
20-02-2002,982.17
13-02-2002,976.51
06-02-2002,981.53
30-01-2002,967.89
23-01-2002,963.9
16-01-2002,960.57
09-01-2002,953.99
02-01-2002,958.13
26-12-2001,971.7
19-12-2001,975.55
12-12-2001,970.67
05-12-2001,971.84
28-11-2001,970.55
21-11-2001,967.5
14-11-2001,972.55
07-11-2001,992.61
31-10-2001,999.75
24-10-2001,997.36
17-10-2001,994.4
10-10-2001,1013.8
03-10-2001,1022.01
26-09-2001,1020.17
19-09-2001,1009.9
12-09-2001,1002.97
05-09-2001,1002.36
29-08-2001,997.69
22-08-2001,994.35
15-08-2001,991.09
08-08-2001,980.02
01-08-2001,984.08
25-07-2001,987.94
18-07-2001,996.18
11-07-2001,992.91
04-07-2001,983.83
27-06-2001,988.15
20-06-2001,994.85
13-06-2001,982.67
06-06-2001,980.69
30-05-2001,982.32
23-05-2001,977.16
16-05-2001,984.97
09-05-2001,983.32
02-05-2001,978.68
25-04-2001,1001.99
18-04-2001,1009.49
11-04-2001,1019.72
04-04-2001,1028.87
28-03-2001,1009.35
21-03-2001,1000.29
14-03-2001,997.72
07-03-2001,992.46
28-02-2001,992.92
21-02-2001,999.67
14-02-2001,1002.53
07-02-2001,1005.69
31-01-2001,998.88
24-01-2001,1006.39
17-01-2001,1011.61
10-01-2001,1035.8
03-01-2001,1066.53
27-12-2000,1109.49
20-12-2000,1087.53
13-12-2000,1082.54
06-12-2000,1089.68
29-11-2000,1046.03
22-11-2000,1049.52
15-11-2000,1065.33
08-11-2000,1060.43
01-11-2000,1071.19
25-10-2000,1093.18
18-10-2000,1110.64
11-10-2000,1089.6
04-10-2000,1087.57
27-09-2000,1093.33
20-09-2000,1068.7
13-09-2000,1055.37
06-09-2000,1049.24
30-08-2000,1056.12
23-08-2000,1050.48
16-08-2000,1045.11
09-08-2000,1050.18
02-08-2000,1034.21
26-07-2000,1049.77
19-07-2000,1045.37
12-07-2000,1051.07
05-07-2000,1035.79
28-06-2000,1035.76
21-06-2000,1035.13
14-06-2000,1012.93
07-06-2000,1006.21
31-05-2000,981.88
24-05-2000,969.89
17-05-2000,989.89
10-05-2000,978.54
03-05-2000,996.16
26-04-2000,983.1
19-04-2000,984.52
12-04-2000,980.19
05-04-2000,998.72
29-03-2000,1025.36
22-03-2000,1036.3
15-03-2000,1036.21
08-03-2000,1076.88
01-03-2000,1063.48
23-02-2000,1058.13
16-02-2000,1049.16
09-02-2000,1033.49
02-02-2000,1015.34
26-01-2000,1020.24
19-01-2000,1007.7
12-01-2000,989.12
05-01-2000,987.59
29-12-1999,1000
