Date,STOXX Euro 600 Index
11/7/22,418.34
11/4/22,416.98
11/3/22,409.55
11/2/22,413.39
11/1/22,414.61
10/31/22,412.2
10/28/22,410.76
10/27/22,410.19
10/26/22,410.31
10/25/22,407.61
10/24/22,401.84
10/21/22,396.29
10/20/22,398.77
10/19/22,397.73
10/18/22,399.84
10/17/22,398.48
10/14/22,391.31
10/13/22,389.15
10/12/22,385.88
10/11/22,387.95
10/10/22,390.12
10/7/22,391.67
10/6/22,396.35
10/5/22,398.91
10/4/22,403.03
10/3/22,390.83
9/30/22,387.85
9/29/22,382.89
9/28/22,389.41
9/27/22,388.24
9/26/22,388.75
9/23/22,390.4
9/22/22,399.76
9/21/22,407.05
9/20/22,403.42
9/19/22,407.87
9/16/22,408.24
9/15/22,414.78
9/14/22,417.51
9/13/22,421.13
9/12/22,427.75
9/9/22,420.37
9/8/22,414.09
9/7/22,412.01
9/6/22,414.38
9/5/22,413.39
9/2/22,415.97
9/1/22,407.66
8/31/22,415.12
8/30/22,419.81
8/29/22,422.65
8/26/22,426.09
8/25/22,433.36
8/24/22,432.05
8/23/22,431.35
8/22/22,433.17
8/19/22,437.36
8/18/22,440.76
8/17/22,439.03
8/16/22,443.07
8/15/22,442.35
8/12/22,440.87
8/11/22,440.16
8/10/22,439.88
8/9/22,435.98
8/8/22,438.93
8/5/22,435.72
8/4/22,439.06
8/3/22,438.29
8/2/22,436.07
8/1/22,437.46
7/29/22,438.29
7/28/22,432.77
7/27/22,428.12
7/26/22,426.13
7/25/22,426.25
7/22/22,425.71
7/21/22,424.39
7/20/22,422.51
7/19/22,423.41
7/18/22,417.63
7/15/22,413.78
7/14/22,406.5
7/13/22,412.81
7/12/22,417.04
7/11/22,415.02
7/8/22,417.12
7/7/22,415.01
7/6/22,407.34
7/5/22,400.68
7/4/22,409.31
7/1/22,407.13
6/30/22,407.2
6/29/22,413.42
6/28/22,416.19
6/27/22,415.09
6/24/22,412.93
6/23/22,402.4
6/22/22,405.74
6/21/22,408.58
6/20/22,407.14
6/17/22,403.25
6/16/22,402.88
6/15/22,413.1
6/14/22,407.32
6/13/22,412.52
6/10/22,422.71
6/9/22,434.38
6/8/22,440.37
6/7/22,442.88
6/6/22,444.12
6/3/22,440.09
6/2/22,441.23
6/1/22,438.72
5/31/22,443.35
5/30/22,446.57
5/27/22,443.93
5/26/22,437.71
5/25/22,434.31
5/24/22,431.58
5/23/22,436.54
5/20/22,431.1
5/19/22,427.99
5/18/22,433.95
5/17/22,438.97
5/16/22,433.67
5/13/22,433.48
5/12/22,424.4
5/11/22,427.59
5/10/22,420.29
5/9/22,417.46
5/6/22,429.91
5/5/22,438.26
5/4/22,441.37
5/3/22,446.2
5/2/22,443.83
4/29/22,450.39
4/28/22,447.07
4/27/22,444.31
4/26/22,441.1
4/25/22,445.11
4/22/22,453.31
4/21/22,461.57
4/20/22,460.1
4/19/22,456.28
4/14/22,459.82
4/13/22,456.78
4/12/22,456.65
4/11/22,458.26
4/8/22,460.97
4/7/22,455.02
4/6/22,455.97
4/5/22,463.07
4/4/22,462.19
4/1/22,458.34
3/31/22,455.86
3/30/22,460.19
3/29/22,462.09
3/28/22,454.17
3/25/22,453.55
3/24/22,453.07
3/23/22,454.03
3/22/22,458.65
3/21/22,454.79
3/18/22,454.6
3/17/22,450.49
3/16/22,448.45
3/15/22,435.12
3/14/22,436.35
3/11/22,431.17
3/10/22,427.12
3/9/22,434.45
3/8/22,415.01
3/7/22,417.13
3/4/22,421.78
3/3/22,437.36
3/2/22,446.33
3/1/22,442.37
2/28/22,453.11
2/25/22,453.53
2/24/22,438.96
2/23/22,453.86
2/22/22,455.12
2/21/22,454.81
2/18/22,460.81
2/17/22,464.55
2/16/22,467.77
2/15/22,467.56
2/14/22,460.96
2/11/22,469.57
2/10/22,472.35
2/9/22,473.33
2/8/22,465.34
2/7/22,465.28
2/4/22,462.15
2/3/22,468.63
2/2/22,477.01
2/1/22,474.86
1/31/22,468.88
1/28/22,465.55
1/27/22,470.33
1/26/22,467.31
1/25/22,459.59
1/24/22,456.36
1/21/22,474.44
1/20/22,483.35
1/19/22,480.9
1/18/22,479.79
1/17/22,484.51
1/14/22,481.16
1/13/22,486.05
1/12/22,486.2
1/11/22,483.08
1/10/22,479.04
1/7/22,486.25
1/6/22,488.16
1/5/22,494.35
1/4/22,494.02
1/3/22,489.99
12/31/21,487.8
12/30/21,488.71
12/29/21,487.98
12/28/21,488.5
12/27/21,485.49
12/24/21,482.51
12/23/21,483.01
12/22/21,478.36
12/21/21,473.99
12/20/21,467.35
12/17/21,473.9
12/16/21,476.56
12/15/21,470.76
12/14/21,469.56
12/13/21,473.53
12/10/21,475.56
12/9/21,476.99
12/8/21,477.36
12/7/21,480.18
12/6/21,468.71
12/3/21,462.77
12/2/21,465.44
12/1/21,470.86
11/30/21,462.96
11/29/21,467.24
11/26/21,464.05
11/25/21,481.72
11/24/21,479.69
11/23/21,479.25
11/22/21,485.46
11/19/21,486.08
11/18/21,487.7
11/17/21,489.95
11/16/21,489.27
11/15/21,488.43
11/12/21,486.75
11/11/21,485.29
11/10/21,483.76
11/9/21,482.71
11/8/21,483.61
11/5/21,483.44
11/4/21,483.21
11/3/21,481.22
11/2/21,479.53
11/1/21,478.87
10/29/21,475.51
10/28/21,475.16
10/27/21,474.04
10/26/21,475.74
10/25/21,472.21
10/22/21,471.88
10/21/21,469.71
10/20/21,470.07
10/19/21,468.58
10/18/21,467.04
10/15/21,469.39
10/14/21,465.92
10/13/21,460.39
10/12/21,457.21
10/11/21,457.53
10/8/21,457.29
10/7/21,458.57
10/6/21,451.33
10/5/21,456.03
10/4/21,450.77
10/1/21,452.9
9/30/21,454.81
9/29/21,455.03
9/28/21,452.35
9/27/21,462.42
9/24/21,463.29
9/23/21,467.5
9/22/21,463.2
9/21/21,458.68
9/20/21,454.12
9/17/21,461.84
9/16/21,465.95
9/15/21,463.91
9/14/21,467.65
9/13/21,467.69
9/10/21,466.34
9/9/21,467.57
9/8/21,467.87
9/7/21,472.87
9/6/21,475.19
9/3/21,471.93
9/2/21,474.6
9/1/21,473.12
8/31/21,470.88
8/30/21,472.68
8/27/21,472.34
8/26/21,470.34
8/25/21,471.84
8/24/21,471.79
8/23/21,471.88
8/20/21,468.8
8/19/21,467.24
8/18/21,474.42
8/17/21,473.78
8/16/21,473.45
8/13/21,475.83
8/12/21,474.84
8/11/21,474.32
8/10/21,472.32
8/9/21,470.68
8/6/21,469.97
8/5/21,469.96
8/4/21,468.22
8/3/21,465.38
8/2/21,464.45
7/30/21,461.74
7/29/21,463.84
7/28/21,461.7
7/27/21,458.65
7/26/21,461.14
7/23/21,461.51
7/22/21,456.53
7/21/21,453.97
7/20/21,446.61
7/19/21,444.29
7/16/21,454.74
7/15/21,456.2
7/14/21,460.56
7/13/21,460.96
7/12/21,460.83
7/9/21,457.67
7/8/21,451.61
7/7/21,459.53
7/6/21,455.98
7/5/21,458.36
7/2/21,456.81
7/1/21,455.63
6/30/21,452.84
6/29/21,456.37
6/28/21,454.94
6/25/21,457.63
6/24/21,457.04
6/23/21,453.1
6/22/21,456.42
6/21/21,455.23
6/18/21,452.05
6/17/21,459.33
6/16/21,459.86
6/15/21,458.81
6/14/21,458.32
6/11/21,457.51
6/10/21,454.56
6/9/21,454.44
6/8/21,454.01
6/7/21,453.56
6/4/21,452.57
6/3/21,450.79
6/2/21,451.34
6/1/21,450.1
5/31/21,446.76
5/28/21,448.98
5/27/21,446.44
5/26/21,445.22
5/25/21,445.2
5/24/21,445.07
5/21/21,444.44
5/20/21,441.9
5/19/21,436.34
5/18/21,443.04
5/17/21,442.29
5/14/21,442.53
5/13/21,437.32
5/12/21,437.93
5/11/21,436.61
5/10/21,445.39
5/7/21,444.93
5/6/21,441.02
5/5/21,441.55
5/4/21,433.65
5/3/21,439.92
4/30/21,437.39
4/29/21,438.77
4/28/21,439.92
4/27/21,439.85
4/26/21,440.2
4/23/21,439.04
4/22/21,439.63
4/21/21,436.64
4/20/21,433.8
4/19/21,442.18
4/16/21,442.49
4/15/21,438.55
4/14/21,436.57
4/13/21,435.75
4/12/21,435.24
4/9/21,437.23
4/8/21,436.86
4/7/21,434.32
4/6/21,435.26
4/2/21,#N/A N/A
4/1/21,432.22
3/31/21,429.6
3/30/21,430.65
3/29/21,427.61
3/26/21,426.93
3/25/21,423.08
3/24/21,423.39
3/23/21,423.31
3/22/21,424.17
3/19/21,423.35
3/18/21,426.59
3/17/21,424.91
3/16/21,426.82
3/15/21,423.08
3/12/21,423.08
3/11/21,424.17
3/10/21,422.11
3/9/21,420.41
3/8/21,417.25
3/5/21,408.68
3/4/21,411.91
3/3/21,413.42
3/2/21,413.23
3/1/21,412.44
2/26/21,404.99
2/25/21,411.73
2/24/21,413.21
2/23/21,411.32
2/22/21,413.06
2/19/21,414.88
2/18/21,412.7
2/17/21,416.1
2/16/21,419.2
2/15/21,419.47
2/12/21,414
2/11/21,411.35
2/10/21,409.47
2/9/21,410.42
2/8/21,410.78
2/5/21,409.54
2/4/21,409.54
2/3/21,407.27
2/2/21,405.92
2/1/21,400.77
1/29/21,395.85
1/28/21,403.39
1/27/21,402.98
1/26/21,407.7
1/25/21,405.13
1/22/21,408.54
1/21/21,410.89
1/20/21,410.84
1/19/21,407.92
1/18/21,408.68
1/15/21,407.85
1/14/21,412
1/13/21,409.07
1/12/21,408.61
1/11/21,408.41
1/8/21,411.17
1/7/21,408.49
1/6/21,406.41
1/5/21,400.94
1/4/21,401.69
12/31/20,399.03
12/30/20,400.25
12/29/20,401.61
12/28/20,398.58
12/24/20,395.98
12/23/20,395.49
12/22/20,391.25
12/21/20,386.69
12/18/20,395.9
12/17/20,397.28
12/16/20,396.08
12/15/20,392.84
12/14/20,391.85
12/11/20,390.12
12/10/20,393.15
12/9/20,394.9
12/8/20,393.64
12/7/20,392.84
12/4/20,394.04
12/3/20,391.72
12/2/20,391.69
12/1/20,391.9
11/30/20,389.36
11/27/20,393.23
11/26/20,391.63
11/25/20,392.09
11/24/20,392.39
11/23/20,388.84
11/20/20,389.61
11/19/20,387.6
11/18/20,390.54
11/17/20,388.82
11/16/20,389.74
11/13/20,385.18
11/12/20,385.16
11/11/20,388.56
11/10/20,384.42
11/9/20,380.99
11/6/20,366.4
11/5/20,367.12
11/4/20,363.31
11/3/20,356.01
11/2/20,347.86
10/30/20,342.36
10/29/20,341.76
10/28/20,342.17
10/27/20,352.58
10/26/20,355.95
10/23/20,362.5
10/22/20,360.27
10/21/20,360.79
10/20/20,365.51
10/19/20,366.81
10/16/20,367.48
10/15/20,362.91
10/14/20,370.62
10/13/20,370.96
10/12/20,373
10/9/20,370.35
10/8/20,368.31
10/7/20,365.45
10/6/20,365.88
10/5/20,365.63
10/2/20,362.69
10/1/20,361.8
9/30/20,361.09
9/29/20,361.49
9/28/20,363.39
9/25/20,355.51
9/24/20,355.85
9/23/20,359.53
9/22/20,357.55
9/21/20,356.82
9/18/20,368.78
9/17/20,371.23
9/16/20,373.13
9/15/20,370.96
9/14/20,368.51
9/11/20,367.96
9/10/20,367.48
9/9/20,369.65
9/8/20,363.75
9/7/20,367.97
9/4/20,361.93
9/3/20,366.08
9/2/20,371.28
9/1/20,365.23
8/31/20,366.51
8/28/20,368.8
8/27/20,370.72
8/26/20,373.12
8/25/20,369.75
8/24/20,370.85
8/21/20,365.09
8/20/20,365.64
8/19/20,369.58
8/18/20,367.18
8/17/20,369.26
8/14/20,368.07
8/13/20,372.53
8/12/20,374.88
8/11/20,370.76
8/10/20,364.65
8/7/20,363.55
8/6/20,362.49
8/5/20,365.16
8/4/20,363.39
8/3/20,363.64
7/31/20,356.33
7/30/20,359.52
7/29/20,367.45
7/28/20,367.68
7/27/20,366.15
7/24/20,367.29
7/23/20,373.65
7/22/20,373.44
7/21/20,376.69
7/20/20,375.51
7/17/20,372.71
7/16/20,372.13
7/15/20,373.87
7/14/20,367.4
7/13/20,370.5
7/10/20,366.83
7/9/20,363.64
7/8/20,366.48
7/7/20,368.96
7/6/20,371.21
7/3/20,365.43
7/2/20,368.29
7/1/20,361.19
6/30/20,360.34
6/29/20,359.89
6/26/20,358.32
6/25/20,359.74
6/24/20,357.17
6/23/20,367.4
6/22/20,362.7
6/19/20,365.46
6/18/20,363.41
6/17/20,366.02
6/16/20,363.33
6/15/20,353.09
6/12/20,354.06
6/11/20,353.07
6/10/20,368.15
6/9/20,369.54
6/8/20,374.12
6/5/20,375.32
6/4/20,366.25
6/3/20,368.92
6/2/20,359.77
6/1/20,354.2
5/29/20,350.36
5/28/20,355.47
5/27/20,349.75
5/26/20,348.92
5/25/20,345.18
5/22/20,340.17
5/21/20,340.26
5/20/20,342.82
5/19/20,339.49
5/18/20,341.59
5/15/20,328.24
5/14/20,326.71
5/13/20,333.97
5/12/20,340.57
5/11/20,339.7
5/8/20,341.05
5/7/20,337.98
5/6/20,334.34
5/5/20,335.5
5/4/20,328.44
5/1/20,337.39
4/30/20,340.03
4/29/20,347.06
4/28/20,341.09
4/27/20,335.44
4/24/20,329.59
4/23/20,333.24
4/22/20,330.14
4/21/20,324.31
4/20/20,335.7
4/17/20,333.47
4/16/20,324.92
4/15/20,323.06
4/14/20,333.89
4/9/20,331.8
4/8/20,326.67
4/7/20,326.61
4/6/20,320.58
4/3/20,309.06
4/2/20,312.08
4/1/20,310.77
3/31/20,320.06
3/30/20,314.88
3/27/20,310.9
3/26/20,321.38
3/25/20,313.38
3/24/20,304
3/23/20,280.43
3/20/20,293.04
3/19/20,287.8
3/18/20,279.66
3/17/20,291.07
3/16/20,284.63
3/13/20,299.16
3/12/20,294.93
3/11/20,333.17
3/10/20,335.64
3/9/20,339.5
3/6/20,366.8
3/5/20,380.76
3/4/20,386.3
3/3/20,381.13
3/2/20,375.97
2/28/20,375.65
2/27/20,389.45
2/26/20,404.62
2/25/20,404.6
2/24/20,411.86
2/21/20,428.07
2/20/20,430.19
2/19/20,433.9
2/18/20,430.33
2/17/20,431.98
2/14/20,430.52
2/13/20,431.08
2/12/20,431.16
2/11/20,428.48
2/10/20,424.64
2/7/20,424.36
2/6/20,425.49
2/5/20,423.62
2/4/20,418.47
2/3/20,411.72
1/31/20,410.71
1/30/20,415.16
1/29/20,419.41
1/28/20,417.56
1/27/20,414.07
1/24/20,423.64
1/23/20,420.03
1/22/20,423.04
1/21/20,423.38
1/20/20,423.98
1/17/20,424.56
1/16/20,420.54
1/15/20,419.63
1/14/20,419.59
1/13/20,418.39
1/10/20,419.14
1/9/20,419.64
1/8/20,418.36
1/7/20,417.67
1/6/20,416.63
1/3/20,418.33
1/2/20,419.72
12/31/19,415.84
12/30/19,416.17
12/27/19,419.74
12/24/19,418.86
12/23/19,418.27
12/20/19,418.4
12/19/19,415.07
12/18/19,414.38
12/17/19,414.92
12/16/19,417.75
12/13/19,412.02
12/12/19,407.58
12/11/19,406.22
12/10/19,405.34
12/9/19,406.39
12/6/19,407.35
12/5/19,402.66
12/4/19,403.19
12/3/19,398.48
12/2/19,401.01
11/29/19,407.43
11/28/19,409.25
11/27/19,409.81
11/26/19,408.49
11/25/19,408.09
11/22/19,403.98
11/21/19,402.22
11/20/19,403.82
11/19/19,405.5
11/18/19,405.99
11/15/19,406.04
11/14/19,404.41
11/13/19,405.86
11/12/19,406.9
11/11/19,405.34
11/8/19,405.42
11/7/19,406.56
11/6/19,405.07
11/5/19,404.23
11/4/19,403.41
11/1/19,399.43
10/31/19,396.75
10/30/19,398.7
10/29/19,398.37
10/28/19,398.99
10/25/19,398.01
10/24/19,397.37
10/23/19,395.03
10/22/19,394.59
10/21/19,394.22
10/18/19,391.84
10/17/19,393.08
10/16/19,393.46
10/15/19,394.02
10/14/19,389.69
10/11/19,391.61
10/10/19,382.76
10/9/19,380.3
10/8/19,378.71
10/7/19,382.91
10/4/19,380.22
10/3/19,377.46
10/2/19,377.52
10/1/19,387.99
9/30/19,393.15
9/27/19,391.79
9/26/19,389.95
9/25/19,387.59
9/24/19,389.84
9/23/19,389.8
9/20/19,392.95
9/19/19,391.8
9/18/19,389.41
9/17/19,389.33
9/16/19,389.53
9/13/19,391.79
9/12/19,390.48
9/11/19,389.71
9/10/19,386.44
9/9/19,386.06
9/6/19,387.14
9/5/19,385.92
9/4/19,383.18
9/3/19,379.81
9/2/19,380.69
8/30/19,379.48
8/29/19,376.74
8/28/19,372.86
8/27/19,373.62
8/26/19,371.28
8/23/19,371.36
8/22/19,374.29
8/21/19,375.8
8/20/19,371.3
8/19/19,373.86
8/16/19,369.63
8/15/19,365.09
8/14/19,366.16
8/13/19,372.4
8/12/19,370.41
8/9/19,371.56
8/8/19,374.71
8/7/19,368.6
8/6/19,367.71
8/5/19,369.43
8/2/19,378.15
8/1/19,387.68
7/31/19,385.77
7/30/19,385.11
7/29/19,390.85
7/26/19,390.73
7/25/19,389.52
7/24/19,391.73
7/23/19,391.54
7/22/19,387.74
7/19/19,387.25
7/18/19,386.8
7/17/19,387.66
7/16/19,389.1
7/15/19,387.75
7/12/19,386.85
7/11/19,386.7
7/10/19,387.15
7/9/19,387.92
7/8/19,389.9
7/5/19,390.11
7/4/19,392.94
7/3/19,392.58
7/2/19,389.29
7/1/19,387.87
6/28/19,384.87
6/27/19,382.21
6/26/19,382.2
6/25/19,383.4
6/24/19,383.79
6/21/19,384.76
6/20/19,386.16
6/19/19,384.77
6/18/19,384.78
6/17/19,378.46
6/14/19,378.81
6/13/19,380.33
6/12/19,379.74
6/11/19,380.89
6/10/19,378.27
6/7/19,377.48
6/6/19,374.01
6/5/19,374.08
6/4/19,372.67
6/3/19,370.49
5/31/19,369.06
5/30/19,372.07
5/29/19,370.51
5/28/19,375.9
5/27/19,376.71
5/24/19,375.89
5/23/19,373.79
5/22/19,379.19
5/21/19,379.5
5/20/19,377.46
5/17/19,381.51
5/16/19,382.88
5/15/19,378.06
5/14/19,376.34
5/13/19,372.57
5/10/19,377.14
5/9/19,375.92
5/8/19,382.23
5/7/19,381.64
5/6/19,386.95
5/3/19,390.37
5/2/19,388.84
5/1/19,391.09
4/30/19,391.35
4/29/19,391.32
4/26/19,391.01
4/25/19,390.15
4/24/19,390.98
4/23/19,391.35
4/18/19,390.46
4/17/19,389.59
4/16/19,389.21
4/15/19,388.1
4/12/19,387.53
4/11/19,386.91
4/10/19,386.68
4/9/19,385.68
4/8/19,387.51
4/5/19,388.23
4/4/19,387.87
4/3/19,388.92
4/2/19,385.03
4/1/19,383.67
3/29/19,379.09
3/28/19,376.84
3/27/19,377.28
3/26/19,377.2
3/25/19,374.33
3/22/19,376.03
3/21/19,380.69
3/20/19,380.84
3/19/19,384.29
3/18/19,382.11
3/15/19,381.1
3/14/19,378.52
3/13/19,375.6
3/12/19,373.25
3/11/19,373.47
3/8/19,370.57
3/7/19,373.88
3/6/19,375.48
3/5/19,375.64
3/4/19,375.09
3/1/19,374.24
2/28/19,372.8
2/27/19,372.58
2/26/19,373.64
2/25/19,372.18
2/22/19,371.23
2/21/19,370.41
2/20/19,371.46
2/19/19,368.97
2/18/19,369.78
2/15/19,368.94
2/14/19,363.8
2/13/19,364.97
2/12/19,362.78
2/11/19,361.12
2/8/19,358.07
2/7/19,360.08
2/6/19,365.52
2/5/19,364.99
2/4/19,359.92
2/1/19,359.71
1/31/19,358.67
1/30/19,358.51
1/29/19,357.23
1/28/19,354.38
1/25/19,357.84
1/24/19,355.67
1/23/19,354.89
1/22/19,355.09
1/21/19,356.36
1/18/19,357.05
1/17/19,350.73
1/16/19,350.59
1/15/19,348.71
1/14/19,347.51
1/11/19,349.2
1/10/19,348.88
1/9/19,347.7
1/8/19,345.85
1/7/19,342.88
1/4/19,343.38
1/3/19,333.92
1/2/19,337.21
12/31/18,337.65
12/28/18,336.23
12/27/18,329.58
12/24/18,335.24
12/21/18,336.67
12/20/18,336.58
12/19/18,341.52
12/18/18,340.46
12/17/18,343.26
12/14/18,347.21
12/13/18,349.42
12/12/18,350
12/11/18,344.18
12/10/18,338.99
12/7/18,345.45
12/6/18,343.31
12/5/18,354.27
12/4/18,358.43
12/3/18,361.18
11/30/18,357.49
11/29/18,358.1
11/28/18,357.39
11/27/18,357.4
11/26/18,358.33
11/23/18,353.98
11/22/18,352.57
11/21/18,355.07
11/20/18,351.06
11/19/18,355.11
11/16/18,357.71
11/15/18,358.43
11/14/18,362.27
11/13/18,364.44
11/12/18,362.03
11/9/18,365.74
11/8/18,367.08
11/7/18,366.39
11/6/18,362.55
11/5/18,363.5
11/2/18,364.08
11/1/18,363.08
10/31/18,361.61
10/30/18,355.53
10/29/18,355.51
10/26/18,352.34
10/25/18,355.07
10/24/18,353.27
10/23/18,354.06
10/22/18,359.74
10/19/18,361.24
10/18/18,361.67
10/17/18,363.54
10/16/18,364.99
10/15/18,359.31
10/12/18,358.95
10/11/18,359.65
10/10/18,366.93
10/9/18,372.93
10/8/18,372.21
10/5/18,376.41
10/4/18,379.68
10/3/18,383.84
10/2/18,381.94
10/1/18,383.94
9/28/18,383.18
9/27/18,386.38
9/26/18,385.04
9/25/18,383.89
9/24/18,382.14
9/21/18,384.29
9/20/18,382.63
9/19/18,379.98
9/18/18,378.73
9/17/18,378.31
9/14/18,377.85
9/13/18,376.52
9/12/18,377.08
9/11/18,375.31
9/10/18,375.51
9/7/18,373.77
9/6/18,373.47
9/5/18,375.68
9/4/18,379.83
9/3/18,382.51
8/31/18,382.26
8/30/18,385.36
8/29/18,386.58
8/28/18,385.46
8/27/18,385.57
8/24/18,383.56
8/23/18,383.38
8/22/18,384.02
8/21/18,384.15
8/20/18,383.23
8/17/18,381.06
8/16/18,381.43
8/15/18,379.7
8/14/18,384.92
8/13/18,384.91
8/10/18,385.86
8/9/18,390.05
8/8/18,389.69
8/7/18,390.49
8/6/18,388.66
8/3/18,389.16
8/2/18,386.64
8/1/18,389.84
7/31/18,391.61
7/30/18,390.92
7/27/18,392.08
7/26/18,390.53
7/25/18,387.17
7/24/18,388.18
7/23/18,384.88
7/20/18,385.62
7/19/18,386.18
7/18/18,387.06
7/17/18,384.98
7/16/18,384.05
7/13/18,385.03
7/12/18,384.37
7/11/18,381.4
7/10/18,386.25
7/9/18,384.59
7/6/18,382.36
7/5/18,381.59
7/4/18,380.05
7/3/18,379.81
7/2/18,376.75
6/29/18,379.93
6/28/18,376.87
6/27/18,379.97
6/26/18,377.25
6/25/18,377.05
6/22/18,385.01
6/21/18,380.85
6/20/18,384.29
6/19/18,383.21
6/18/18,385.91
6/15/18,389.13
6/14/18,393.04
6/13/18,388.25
6/12/18,387.53
6/11/18,387.94
6/8/18,385.12
6/7/18,385.94
6/6/18,386.88
6/5/18,386.89
6/4/18,388.11
6/1/18,386.91
5/31/18,383.06
5/30/18,385.49
5/29/18,384.47
5/28/18,389.82
5/25/18,391.08
5/24/18,390.54
5/23/18,392.58
5/22/18,396.94
5/21/18,395.87
5/18/18,394.67
5/17/18,395.79
5/16/18,393.21
5/15/18,392.37
5/14/18,392.19
5/11/18,392.4
5/10/18,391.97
5/9/18,392.44
5/8/18,390
5/7/18,389.51
5/4/18,387.03
5/3/18,384.62
5/2/18,387.44
5/1/18,385.03
4/30/18,385.32
4/27/18,384.64
4/26/18,383.75
4/25/18,380.17
4/24/18,383.11
4/23/18,383.18
4/20/18,381.84
4/19/18,381.95
4/18/18,381.86
4/17/18,380.77
4/16/18,377.74
4/13/18,379.2
4/12/18,378.82
4/11/18,376.18
4/10/18,378.42
4/9/18,375.3
4/6/18,374.82
4/5/18,376.13
4/4/18,367.33
4/3/18,369.07
3/29/18,370.87
3/28/18,369.26
3/27/18,367.57
3/26/18,363.18
3/23/18,365.82
3/22/18,369.15
3/21/18,374.96
3/20/18,375.57
3/19/18,373.68
3/16/18,377.71
3/15/18,376.88
3/14/18,374.94
3/13/18,375.49
3/12/18,379.2
3/9/18,378.24
3/8/18,376.62
3/7/18,372.71
3/6/18,371.37
3/5/18,370.87
3/2/18,367.04
3/1/18,374.86
2/28/18,379.63
2/27/18,382.36
2/26/18,383.06
2/23/18,381.16
2/22/18,380.34
2/21/18,381.1
2/20/18,380.51
2/19/18,378.24
2/16/18,380.62
2/15/18,376.51
2/14/18,374.53
2/13/18,370.58
2/12/18,372.93
2/9/18,368.61
2/8/18,374.03
2/7/18,380.13
2/6/18,372.79
2/5/18,382
2/2/18,388.07
2/1/18,393.49
1/31/18,395.46
1/30/18,396.12
1/29/18,399.8
1/26/18,400.57
1/25/18,398.56
1/24/18,400.79
1/23/18,402.81
1/22/18,402.11
1/19/18,400.88
1/18/18,398.73
1/17/18,397.97
1/16/18,398.35
1/15/18,397.83
1/12/18,398.49
1/11/18,397.25
1/10/18,398.6
1/9/18,400.11
1/8/18,398.41
1/5/18,397.35
1/4/18,393.68
1/3/18,390.22
1/2/18,388.35
12/29/17,389.18
12/28/17,389.54
12/27/17,390.54
12/26/17,#N/A N/A
12/25/17,#N/A N/A
12/22/17,390.28
12/21/17,390.69
12/20/17,388.37
12/19/17,391.02
12/18/17,392.66
12/15/17,388.19
12/14/17,388.91
12/13/17,390.7
12/12/17,391.63
12/11/17,389.05
12/8/17,389.25
12/7/17,386.41
12/6/17,386.32
12/5/17,386.74
12/4/17,387.47
12/1/17,383.97
11/30/17,386.69
11/29/17,387.96
11/28/17,387.02
11/27/17,384.87
11/24/17,386.63
11/23/17,387.12
11/22/17,387.06
11/21/17,388.1
11/20/17,386.39
11/17/17,383.8
11/16/17,384.93
11/15/17,381.96
11/14/17,383.86
11/13/17,386.13
11/10/17,388.69
11/9/17,390.07
11/8/17,394.45
11/7/17,394.65
11/6/17,396.59
11/3/17,396.06
11/2/17,394.94
11/1/17,396.77
10/31/17,395.22
10/30/17,393.91
10/27/17,393.43
10/26/17,391.27
10/25/17,387.13
10/24/17,389.33
10/23/17,390.74
10/20/17,390.13
10/19/17,389.11
10/18/17,391.56
10/17/17,390.44
10/16/17,391.41
10/13/17,391.42
10/12/17,390.28
10/11/17,390.15
10/10/17,390.16
10/9/17,390.21
10/6/17,389.47
10/5/17,391.03
10/4/17,390.4
10/3/17,390.72
10/2/17,390.13
9/29/17,388.16
9/28/17,386.36
9/27/17,385.62
9/26/17,384.03
9/25/17,383.9
9/22/17,383.22
9/21/17,382.88
9/20/17,381.98
9/19/17,382.12
9/18/17,381.95
9/15/17,380.71
9/14/17,381.79
9/13/17,381.34
9/12/17,381.42
9/11/17,379.43
9/8/17,375.51
9/7/17,374.95
9/6/17,373.95
9/5/17,373.71
9/4/17,374.17
9/1/17,376.14
8/31/17,373.88
8/30/17,371.01
8/29/17,368.42
8/28/17,372.29
8/25/17,374.07
8/24/17,374.51
8/23/17,373.92
8/22/17,375.8
8/21/17,372.72
8/18/17,374.2
8/17/17,376.87
8/16/17,379.09
8/15/17,376.5
8/14/17,376.16
8/11/17,372.14
8/10/17,376.05
8/9/17,379.84
8/8/17,382.65
8/7/17,382.01
8/4/17,382.53
8/3/17,378.93
8/2/17,378.63
8/1/17,380.26
7/31/17,377.85
7/28/17,378.34
7/27/17,382.32
7/26/17,382.74
7/25/17,380.77
7/24/17,379.23
7/21/17,380.16
7/20/17,384.07
7/19/17,385.54
7/18/17,382.58
7/17/17,386.86
7/14/17,386.84
7/13/17,386.14
7/12/17,384.9
7/11/17,379.15
7/10/17,381.64
7/7/17,380.18
7/6/17,380.43
7/5/17,382.99
7/4/17,382.3
7/3/17,383.41
6/30/17,379.37
6/29/17,380.66
6/28/17,385.82
6/27/17,385.98
6/26/17,389.05
6/23/17,387.62
6/22/17,388.53
6/21/17,388.5
6/20/17,389.21
6/19/17,391.94
6/16/17,388.6
6/15/17,386.05
6/14/17,387.58
6/13/17,388.75
6/12/17,386.62
6/9/17,390.39
6/8/17,389.15
6/7/17,389.18
6/6/17,389.4
6/5/17,392.04
6/2/17,392.55
6/1/17,391.66
5/31/17,389.99
5/30/17,390.5
5/29/17,391.25
5/26/17,391.35
5/25/17,392.14
5/24/17,392.37
5/23/17,392.02
5/22/17,391.14
5/19/17,391.51
5/18/17,389.19
5/17/17,391.14
5/16/17,395.91
5/15/17,395.97
5/12/17,395.63
5/11/17,394.39
5/10/17,396.45
5/9/17,395.81
5/8/17,394.04
5/5/17,394.54
5/4/17,391.98
5/3/17,389.37
5/2/17,389.53
5/1/17,386.64
4/28/17,387.09
4/27/17,387.79
4/26/17,388.73
4/25/17,386.91
4/24/17,386.09
4/21/17,378.12
4/20/17,378.06
4/19/17,377.24
4/18/17,376.35
4/17/17,#N/A N/A
4/13/17,380.58
4/12/17,381.9
4/11/17,381.18
4/10/17,381.25
4/7/17,381.26
4/6/17,380.77
4/5/17,380.09
4/4/17,380.03
4/3/17,379.29
3/31/17,381.14
3/30/17,380.46
3/29/17,378.53
3/28/17,377.3
3/27/17,375.01
3/24/17,376.51
3/23/17,377.2
3/22/17,374.03
3/21/17,375.67
3/20/17,377.68
3/17/17,378.32
3/16/17,377.73
3/15/17,375.1
3/14/17,373.46
3/13/17,374.64
3/10/17,373.23
3/9/17,372.89
3/8/17,372.58
3/7/17,372.27
3/6/17,373.27
3/3/17,375.23
3/2/17,375.61
3/1/17,375.69
2/28/17,370.24
2/27/17,369.52
2/24/17,370.01
2/23/17,372.85
2/22/17,373.38
2/21/17,373.4
2/20/17,371.04
2/17/17,370.22
2/16/17,370.1
2/15/17,371.47
2/14/17,370.2
2/13/17,370.13
2/10/17,367.39
2/9/17,366.79
2/8/17,363.94
2/7/17,362.74
2/6/17,361.6
2/3/17,364.07
2/2/17,361.95
2/1/17,363.2
1/31/17,360.12
1/30/17,362.55
1/27/17,366.38
1/26/17,367.5
1/25/17,366.59
1/24/17,361.92
1/23/17,361.01
1/20/17,362.58
1/19/17,362.85
1/18/17,363.07
1/17/17,362.42
1/16/17,362.97
1/13/17,365.94
1/12/17,362.51
1/11/17,364.9
1/10/17,364.07
1/9/17,363.67
1/6/17,365.45
1/5/17,365.64
1/4/17,365.26
1/3/17,365.71
1/2/17,363.18
12/30/16,361.42
12/29/16,360.26
12/28/16,361.53
12/27/16,360.48
12/23/16,359.98
12/22/16,359.82
12/21/16,360.56
12/20/16,361.32
12/19/16,359.59
12/16/16,360.02
12/15/16,358.79
12/14/16,355.72
12/13/16,357.5
12/12/16,353.74
12/9/16,355.38
12/8/16,351.96
12/7/16,347.7
12/6/16,344.57
12/5/16,341.27
12/2/16,339.36
12/1/16,340.86
11/30/16,341.99
11/29/16,340.95
11/28/16,339.83
11/25/16,342.45
11/24/16,341.84
11/23/16,340.77
11/22/16,341.02
11/21/16,340.23
11/18/16,339.39
11/17/16,340.6
11/16/16,338.47
11/15/16,339.16
11/14/16,338.23
11/11/16,337.5
11/10/16,338.88
11/9/16,339.81
11/8/16,334.91
11/7/16,333.84
11/4/16,328.8
11/3/16,331.56
11/2/16,331.55
11/1/16,335.33
10/31/16,338.97
10/28/16,340.8
10/27/16,341.71
10/26/16,341.76
10/25/16,343.07
10/24/16,344.26
10/21/16,344.29
10/20/16,344.29
10/19/16,343.64
10/18/16,342.48
10/17/16,337.42
10/14/16,339.95
10/13/16,335.62
10/12/16,338.56
10/11/16,340.17
10/10/16,341.98
10/7/16,339.64
10/6/16,342.82
10/5/16,344.2
10/4/16,346.1
10/3/16,343.23
9/30/16,342.92
9/29/16,342.72
9/28/16,342.57
9/27/16,340.19
9/26/16,340
9/23/16,345.34
9/22/16,347.86
9/21/16,342.46
9/20/16,341
9/19/16,341.27
9/16/16,337.82
9/15/16,340.34
9/14/16,338.42
9/13/16,338.72
9/12/16,342.23
9/9/16,345.52
9/8/16,349.32
9/7/16,350.46
9/6/16,349.46
9/5/16,350.62
9/2/16,350.44
9/1/16,343.66
8/31/16,343.53
8/30/16,344.75
8/29/16,343.2
8/26/16,343.72
8/25/16,342.02
8/24/16,344.93
8/23/16,343.6
8/22/16,340.43
8/19/16,340.14
8/18/16,342.91
8/17/16,340.47
8/16/16,343.32
8/15/16,346.05
8/12/16,346.09
8/11/16,346.66
8/10/16,343.98
8/9/16,344.67
8/8/16,341.53
8/5/16,341.38
8/4/16,337.84
8/3/16,335.58
8/2/16,335.47
8/1/16,339.86
7/29/16,341.89
7/28/16,339.47
7/27/16,342.74
7/26/16,341.26
7/25/16,340.93
7/22/16,340.33
7/21/16,340.58
7/20/16,340.81
7/19/16,337.32
7/18/16,338.7
7/15/16,337.92
7/14/16,338.5
7/13/16,335.83
7/12/16,336.26
7/11/16,332.72
7/8/16,327.35
7/7/16,322.12
7/6/16,318.76
7/5/16,324.17
7/4/16,329.78
7/1/16,332.24
6/30/16,329.88
6/29/16,326.49
6/28/16,316.7
6/27/16,308.75
6/24/16,321.98
6/23/16,346.34
6/22/16,341.32
6/21/16,340.04
6/20/16,337.67
6/17/16,325.78
6/16/16,321.29
6/15/16,323.63
6/14/16,320.53
6/13/16,326.8
6/10/16,332.92
6/9/16,341.25
6/8/16,344.56
6/7/16,346.26
6/6/16,342.41
6/3/16,341.29
6/2/16,344.35
6/1/16,344.12
5/31/16,347.45
5/30/16,350.14
5/27/16,349.64
5/26/16,348.91
5/25/16,348.56
5/24/16,344.12
5/23/16,336.69
5/20/16,338.01
5/19/16,333.91
5/18/16,337.58
5/17/16,334.72
5/16/16,334.73
5/13/16,334.68
5/12/16,333.11
5/11/16,334.74
5/10/16,336.24
5/9/16,333.22
5/6/16,331.67
5/5/16,332.86
5/4/16,331.8
5/3/16,335.56
5/2/16,341.24
4/29/16,341.48
4/28/16,348.9
4/27/16,348.32
4/26/16,347.31
4/25/16,346.68
4/22/16,348.46
4/21/16,349.59
4/20/16,350.75
4/19/16,349.24
4/18/16,344.2
4/15/16,342.79
4/14/16,343.99
4/13/16,343.06
4/12/16,334.64
4/11/16,332.87
4/8/16,331.86
4/7/16,328.1
4/6/16,330.65
4/5/16,328.15
4/4/16,334.49
4/1/16,333.15
3/31/16,337.54
3/30/16,341.18
3/29/16,336.79
3/28/16,#N/A N/A
3/24/16,335.1
3/23/16,340.07
3/22/16,340.3
3/21/16,340.82
3/18/16,341.71
3/17/16,340.68
3/16/16,341
3/15/16,340.86
3/14/16,344.66
3/11/16,342.23
3/10/16,333.5
3/9/16,339.14
3/8/16,337.48
3/7/16,340.93
3/4/16,341.8
3/3/16,339.42
3/2/16,340.97
3/1/16,338.72
2/29/16,333.92
2/26/16,331.54
2/25/16,326.54
2/24/16,320.23
2/23/16,327.78
2/22/16,331.82
2/19/16,326.37
2/18/16,328.91
2/17/16,328.77
2/16/16,320.37
2/15/16,321.76
2/12/16,312.41
2/11/16,303.58
2/10/16,315.19
2/9/16,309.39
2/8/16,314.36
2/5/16,325.9
2/4/16,328.76
2/3/16,329.43
2/2/16,334.59
2/1/16,341.61
1/29/16,342.27
1/28/16,334.89
1/27/16,340.24
1/26/16,339.2
1/25/16,336.27
1/22/16,338.36
1/21/16,328.51
1/20/16,322.29
1/19/16,332.93
1/18/16,328.64
1/15/16,329.84
1/14/16,339.42
1/13/16,344.63
1/12/16,343.22
1/11/16,340.23
1/8/16,341.35
1/7/16,346.51
1/6/16,354.35
1/5/16,358.88
1/4/16,356.66
12/31/15,365.81
12/30/15,367.7
12/29/15,369.68
12/28/15,364.49
12/24/15,366.28
12/23/15,366.39
12/22/15,356.87
12/21/15,357.15
12/18/15,361.23
12/17/15,364.9
12/16/15,360.43
12/15/15,359.58
12/14/15,349.54
12/11/15,355.79
12/10/15,363.21
12/9/15,364.19
12/8/15,365.75
12/7/15,372.48
12/4/15,370.59
12/3/15,372.11
12/2/15,384.17
12/1/15,384.24
11/30/15,385.43
11/27/15,383.67
11/26/15,384.37
11/25/15,380.84
11/24/15,375.64
11/23/15,380.37
11/20/15,381.79
11/19/15,380.96
11/18/15,379.33
11/17/15,379.88
11/16/15,370.64
11/13/15,369.53
11/12/15,372.56
11/11/15,378.71
11/10/15,376.27
11/9/15,375.88
11/6/15,379.95
11/5/15,378.76
11/4/15,380.28
11/3/15,378.36
11/2/15,376.75
10/30/15,375.47
10/29/15,375.7
10/28/15,375.83
10/27/15,371.88
10/26/15,375.89
10/23/15,377.36
10/22/15,369.99
10/21/15,362.64
10/20/15,362.67
10/19/15,364.25
10/16/15,363.13
10/15/15,360.99
10/14/15,355.81
10/13/15,358.47
10/12/15,361.79
10/9/15,362.82
10/8/15,361.61
10/7/15,360.93
10/6/15,360.41
10/5/15,358.33
10/2/15,347.86
10/1/15,346.23
9/30/15,347.77
9/29/15,339.23
9/28/15,341.57
9/25/15,349.28
9/24/15,339.63
9/23/15,346.97
9/22/15,346.67
9/21/15,357.83
9/18/15,354.77
9/17/15,361.21
9/16/15,361.87
9/15/15,356.43
9/14/15,353.63
9/11/15,355.72
9/10/15,359.34
9/9/15,363.77
9/8/15,359
9/7/15,354.81
9/4/15,353.11
9/3/15,362.24
9/2/15,353.86
9/1/15,352.89
8/31/15,362.79
8/28/15,363.28
8/27/15,362.27
8/26/15,350.14
8/25/15,356.36
8/24/15,342.01
8/21/15,361.28
8/20/15,373.44
8/19/15,381.31
8/18/15,388.13
8/17/15,387.26
8/14/15,386.24
8/13/15,386.69
8/12/15,382.99
8/11/15,393.61
8/10/15,399.82
8/7/15,397.07
8/6/15,400.7
8/5/15,403.93
8/4/15,398.75
8/3/15,399.44
7/31/15,396.37
7/30/15,396.24
7/29/15,394.01
7/28/15,390.02
7/27/15,385.91
7/24/15,394.64
7/23/15,398.1
7/22/15,400.28
7/21/15,402.66
7/20/15,406.8
7/17/15,405.68
7/16/15,405.43
7/15/15,400.03
7/14/15,398.3
7/13/15,396.46
7/10/15,388.8
7/9/15,381.06
7/8/15,372.88
7/7/15,372.74
7/6/15,378.68
7/3/15,383.42
7/2/15,385.46
7/1/15,387.07
6/30/15,381.31
6/29/15,386.17
6/26/15,396.85
6/25/15,396.39
6/24/15,397.32
6/23/15,398.83
6/22/15,394.25
6/19/15,385.59
6/18/15,384.22
6/17/15,383.74
6/16/15,385.49
6/15/15,383.02
6/12/15,389.38
6/11/15,393
6/10/15,390.78
6/9/15,383.87
6/8/15,385.39
6/5/15,389
6/4/15,392.65
6/3/15,395.93
6/2/15,396.45
6/1/15,400.57
5/29/15,399.87
5/28/15,406.83
5/27/15,408.88
5/26/15,403.61
5/25/15,406.56
5/22/15,407.74
5/21/15,407.87
5/20/15,406.42
5/19/15,404.78
5/18/15,398.09
5/15/15,396.45
5/14/15,397.99
5/13/15,395.46
5/12/15,396.09
5/11/15,401.34
5/8/15,400.16
5/7/15,388.98
5/6/15,388.68
5/5/15,391.01
5/4/15,396.82
5/1/15,394.66
4/30/15,395.79
4/29/15,397.3
4/28/15,406.28
4/27/15,412.42
4/24/15,408.42
4/23/15,407.18
4/22/15,408.99
4/21/15,409.12
4/20/15,406.87
4/17/15,403.69
4/16/15,410.93
4/15/15,414.06
4/14/15,411.7
4/13/15,413.63
4/10/15,412.93
4/9/15,409.15
4/8/15,404.66
4/7/15,404.34
4/6/15,#N/A N/A
4/3/15,#N/A N/A
4/2/15,397.8
4/1/15,398.52
3/31/15,397.3
3/30/15,399.84
3/27/15,395.54
3/26/15,394.54
3/25/15,397.95
3/24/15,402.49
3/23/15,401.24
3/20/15,404.01
3/19/15,400.83
3/18/15,398.65
3/17/15,397.33
3/16/15,400.18
3/13/15,396.61
3/12/15,395.36
3/11/15,395.48
3/10/15,389.66
3/9/15,393.19
3/6/15,394.18
3/5/15,393.78
3/4/15,390.61
3/3/15,387.68
3/2/15,391.29
2/27/15,392.21
2/26/15,390.69
2/25/15,386.76
2/24/15,387.25
2/23/15,385.08
2/20/15,382.27
2/19/15,381.41
2/18/15,380.37
2/17/15,377.02
2/16/15,376.55
2/13/15,377.07
2/12/15,374.83
2/11/15,372.04
2/10/15,372.94
2/9/15,370.55
2/6/15,373.31
2/5/15,372.51
2/4/15,372.1
2/3/15,370.28
2/2/15,367.28
1/30/15,367.05
1/29/15,368.76
1/28/15,369.08
1/27/15,368.7
1/26/15,372.39
1/23/15,370.37
1/22/15,364.05
1/21/15,358.12
1/20/15,355.96
1/19/15,353.18
1/16/15,352.4
1/15/15,348.45
1/14/15,339.67
1/13/15,344.77
1/12/15,339.87
1/9/15,337.93
1/8/15,342.35
1/7/15,333.2
1/6/15,331.61
1/5/15,333.99
1/2/15,341.33
12/31/14,342.54
12/30/14,341.02
12/29/14,344.27
12/26/14,#N/A N/A
12/24/14,343.89
12/23/14,344.06
12/22/14,341.97
12/19/14,340.3
12/18/14,339.05
12/17/14,329.34
12/16/14,328.88
12/15/14,323.29
12/12/14,330.54
12/11/14,339.31
12/10/14,339.32
12/9/14,340.48
12/8/14,348.61
12/5/14,350.97
12/4/14,344.84
12/3/14,349.34
12/2/14,347.37
12/1/14,345.64
11/28/14,347.25
11/27/14,347.49
11/26/14,346.28
11/25/14,346.28
11/24/14,345.72
11/21/14,345.24
11/20/14,338.28
11/19/14,339.15
11/18/14,339.3
11/17/14,337.25
11/14/14,335.63
11/13/14,335.86
11/12/14,335.09
11/11/14,338.93
11/10/14,337.71
11/7/14,335.25
11/6/14,337.08
11/5/14,336.36
11/4/14,330.88
11/3/14,334.25
10/31/14,336.8
10/30/14,330.71
10/29/14,328.78
10/28/14,328.25
10/27/14,325.1
10/24/14,327.17
10/23/14,328.26
10/22/14,326.11
10/21/14,323.74
10/20/14,317.01
10/17/14,318.68
10/16/14,310.03
10/15/14,311.36
10/14/14,321.53
10/13/14,321.56
10/10/14,321.62
10/9/14,326.67
10/8/14,328
10/7/14,330.85
10/6/14,336
10/3/14,335.19
10/2/14,332.05
10/1/14,340.22
9/30/14,343.08
9/29/14,340.99
9/26/14,342.3
9/25/14,341.44
9/24/14,344.35
9/23/14,341.89
9/22/14,346.69
9/19/14,348.52
9/18/14,347.78
9/17/14,344.39
9/16/14,342.84
9/15/14,343.91
9/12/14,344.27
9/11/14,344.27
9/10/14,344.7
9/9/14,344.87
9/8/14,346.09
9/5/14,347.57
9/4/14,348.89
9/3/14,344.97
9/2/14,342.75
9/1/14,342.86
8/29/14,342
8/28/14,341.05
8/27/14,343.33
8/26/14,342.96
8/25/14,340.46
8/22/14,336.75
8/21/14,337.51
8/20/14,335.3
8/19/14,335.49
8/18/14,333.6
8/15/14,329.72
8/14/14,331.04
8/13/14,330.02
8/12/14,328.74
8/11/14,329.36
8/8/14,324.91
8/7/14,326.96
8/6/14,329.19
8/5/14,332.1
8/4/14,331.15
8/1/14,331.91
7/31/14,335.99
7/30/14,340.44
7/29/14,342.27
7/28/14,341.34
7/25/14,341.95
7/24/14,344.33
7/23/14,342.86
7/22/14,342.44
7/21/14,337.95
7/18/14,339.66
7/17/14,339.74
7/16/14,342.97
7/15/14,338.42
7/14/14,339.79
7/11/14,336.91
7/10/14,336.37
7/9/14,339.96
7/8/14,339.99
7/7/14,344.8
7/4/14,347.95
7/3/14,348.91
7/2/14,345.68
7/1/14,344.89
6/30/14,341.86
6/27/14,341.97
6/26/14,341.86
6/25/14,341.94
6/24/14,345.57
6/23/14,346.31
6/20/14,348.09
6/19/14,348.15
6/18/14,346.13
6/17/14,346.42
6/16/14,345.52
6/13/14,347.07
6/12/14,347.83
6/11/14,347.74
6/10/14,349.71
6/9/14,348.61
6/6/14,347.3
6/5/14,344.99
6/4/14,343.56
6/3/14,343.48
6/2/14,345.08
5/30/14,344.24
5/29/14,344.51
5/28/14,344.29
5/27/14,344.47
5/26/14,343.69
5/23/14,341.76
5/22/14,341.02
5/21/14,340.34
5/20/14,338.32
5/19/14,338.51
5/16/14,338.99
5/15/14,338.5
5/14/14,341.59
5/13/14,341.89
5/12/14,340.96
5/9/14,338.54
5/8/14,339.56
5/7/14,336.03
5/6/14,336.04
5/5/14,336.89
5/2/14,337.76
5/1/14,338.5
4/30/14,337.89
4/29/14,338.12
4/28/14,334.13
4/25/14,333.5
4/24/14,336.13
4/23/14,335.05
4/22/14,337.03
4/17/14,332.43
4/16/14,330.82
4/15/14,326.58
4/14/14,329.79
4/11/14,328.77
4/10/14,333.41
4/9/14,335.16
4/8/14,333.89
4/7/14,334.96
4/4/14,339.18
4/3/14,337.25
4/2/14,336.93
4/1/14,336.35
3/31/14,334.31
3/28/14,333.76
3/27/14,331.4
3/26/14,330.93
3/25/14,328.57
3/24/14,324.39
3/21/14,327.91
3/20/14,327.67
3/19/14,327.63
3/18/14,327.93
3/17/14,325.83
3/14/14,322.23
3/13/14,324.51
3/12/14,327.95
3/11/14,331.49
3/10/14,331.4
3/7/14,333.06
3/6/14,337.28
3/5/14,337.06
3/4/14,337.15
3/3/14,330.36
2/28/14,338.02
2/27/14,337.21
2/26/14,337.7
2/25/14,338.39
2/24/14,338.19
2/21/14,336.09
2/20/14,334.78
2/19/14,334.94
2/18/14,334.6
2/17/14,334.56
2/14/14,333.32
2/13/14,331.48
2/12/14,332
2/11/14,329.52
2/10/14,325.3
2/7/14,325.09
2/6/14,322.77
2/5/14,318.04
2/4/14,317.58
2/3/14,318.21
1/31/14,322.52
1/30/14,323.32
1/29/14,322.39
1/28/14,324.22
1/27/14,322.02
1/24/14,324.75
1/23/14,332.69
1/22/14,336.06
1/21/14,335.76
1/20/14,335.5
1/17/14,335.82
1/16/14,333.99
1/15/14,334.51
1/14/14,331.23
1/13/14,330.72
1/10/14,329.95
1/9/14,328.41
1/8/14,329.75
1/7/14,329.4
1/6/14,326.98
1/3/14,327.64
1/2/14,325.82
12/31/13,328.26
12/30/13,327.13
12/27/13,327.68
12/24/13,324.21
12/23/13,323.4
12/20/13,321.14
12/19/13,319.44
12/18/13,313.99
12/17/13,311.31
12/16/13,313.64
12/13/13,309.75
12/12/13,310.24
12/11/13,313.3
12/10/13,314.91
12/9/13,317.15
12/6/13,316.5
12/5/13,314.41
12/4/13,317.24
12/3/13,319.13
12/2/13,324.1
11/29/13,325.16
11/28/13,325.19
11/27/13,324.04
11/26/13,322.24
11/25/13,324.18
11/22/13,322.77
11/21/13,322.42
11/20/13,322.91
11/19/13,322.56
11/18/13,324.7
11/15/13,323
11/14/13,322.43
11/13/13,319.82
11/12/13,321.68
11/11/13,323.57
11/8/13,322.72
11/7/13,323.23
11/6/13,323.26
11/5/13,321.89
11/4/13,322.5
11/1/13,321.5
10/31/13,322.37
10/30/13,320.8
10/29/13,320.77
10/28/13,319.49
10/25/13,320.09
10/24/13,320.38
10/23/13,318.99
10/22/13,320.97
10/21/13,319.54
10/18/13,318.47
10/17/13,315.98
10/16/13,315.55
10/15/13,314.82
10/14/13,312.22
10/11/13,311.61
10/10/13,310.29
10/9/13,305.13
10/8/13,306.84
10/7/13,309.18
10/4/13,309.89
10/3/13,309.55
10/2/13,310.79
10/1/13,312.86
9/30/13,310.46
9/27/13,312.18
9/26/13,313.02
9/25/13,313.02
9/24/13,313.2
9/23/13,312.62
9/20/13,314.2
9/19/13,315.05
9/18/13,313.28
9/17/13,311.95
9/16/13,313.42
9/13/13,311.46
9/12/13,310.74
9/11/13,310.88
9/10/13,309.8
9/9/13,305.84
9/6/13,306.1
9/5/13,304.56
9/4/13,302.34
9/3/13,301.78
9/2/13,302.94
8/30/13,297.32
8/29/13,300.13
8/28/13,297.89
8/27/13,299.01
8/26/13,304.48
8/23/13,304.71
8/22/13,303.55
8/21/13,300.61
8/20/13,302.25
8/19/13,304.77
8/16/13,306.36
8/15/13,305.34
8/14/13,308.62
8/13/13,307.79
8/12/13,306.08
8/9/13,305.92
8/8/13,304.17
8/7/13,302.81
8/6/13,303.5
8/5/13,304.74
8/2/13,304.15
8/1/13,303.29
7/31/13,299.58
7/30/13,299.43
7/29/13,299.06
7/26/13,298.91
7/25/13,299.63
7/24/13,301.1
7/23/13,299.44
7/22/13,300.3
7/19/13,299.85
7/18/13,299.76
7/17/13,297.04
7/16/13,295.31
7/15/13,297.38
7/12/13,296.2
7/11/13,296.54
7/10/13,294.84
7/9/13,294.58
7/8/13,292.37
7/5/13,288.31
7/4/13,292.15
7/3/13,285.46
7/2/13,287.13
7/1/13,288.29
6/28/13,285.02
6/27/13,286.42
6/26/13,284.54
6/25/13,279.69
6/24/13,275.66
6/21/13,280.4
6/20/13,283.68
6/19/13,292.36
6/18/13,293.02
6/17/13,293.25
6/14/13,291.13
6/13/13,290.51
6/12/13,290.68
6/11/13,291.74
6/10/13,295.22
6/7/13,295.4
6/6/13,291.69
6/5/13,295.12
6/4/13,299.59
6/3/13,298.59
5/31/13,300.88
5/30/13,303.55
5/29/13,302.5
5/28/13,308.23
5/27/13,304.34
5/24/13,303.35
5/23/13,303.99
5/22/13,310.59
5/21/13,309.99
5/20/13,309.77
5/17/13,308.72
5/16/13,307.97
5/15/13,308.06
5/14/13,305.66
5/13/13,304.46
5/10/13,304.99
5/9/13,303.74
5/8/13,303.67
5/7/13,301.74
5/6/13,300.97
5/3/13,301.04
5/2/13,297.88
5/1/13,296.93
4/30/13,296.72
4/29/13,297.39
4/26/13,295.89
4/25/13,296.88
4/24/13,294.63
4/23/13,292.63
4/22/13,285.68
4/19/13,285.21
4/18/13,283.73
4/17/13,283.73
4/16/13,288.16
4/15/13,290.43
4/12/13,292.39
4/11/13,294.96
4/10/13,293.19
4/9/13,288.07
4/8/13,287.64
4/5/13,287.13
4/4/13,291.71
4/3/13,294.8
4/2/13,297.52
3/28/13,293.78
3/27/13,292.44
3/26/13,293.76
3/25/13,293.25
3/22/13,294.04
3/21/13,294.47
3/20/13,296.5
3/19/13,295.55
3/18/13,296.81
3/15/13,297.44
3/14/13,298.52
3/13/13,295.32
3/12/13,295.37
3/11/13,295.26
3/8/13,295.55
3/7/13,293.19
3/6/13,293.38
3/5/13,294.11
3/4/13,288.89
3/1/13,289.02
2/28/13,289.94
2/27/13,287.17
2/26/13,284.6
2/25/13,288.4
2/22/13,288.57
2/21/13,284.86
2/20/13,289.07
2/19/13,290.01
2/18/13,286.76
2/15/13,287.34
2/14/13,287.79
2/13/13,288.27
2/12/13,287.07
2/11/13,285.62
2/8/13,287.34
2/7/13,283.88
2/6/13,284.52
2/5/13,285.56
2/4/13,283.9
2/1/13,288.2
1/31/13,287.22
1/30/13,288.63
1/29/13,290.3
1/28/13,289.36
1/25/13,289.72
1/24/13,288.89
1/23/13,288.22
1/22/13,287.66
1/21/13,287.78
1/18/13,287.03
1/17/13,287.35
1/16/13,286.03
1/15/13,285.97
1/14/13,286.01
1/11/13,287.08
1/10/13,287.44
1/9/13,288.22
1/8/13,286.25
1/7/13,286.63
1/4/13,287.83
1/3/13,286.83
1/2/13,285.33
12/31/12,279.68
12/28/12,278.78
12/27/12,280.6
12/24/12,280.5
12/21/12,280.95
12/20/12,281.81
12/19/12,281.65
12/18/12,280.46
12/17/12,279.18
12/14/12,279.4
12/13/12,279.63
12/12/12,280.64
12/11/12,280.49
12/10/12,279.55
12/7/12,279.17
12/6/12,278.82
12/5/12,276.91
12/4/12,276.24
12/3/12,276.13
11/30/12,275.78
11/29/12,276.31
11/28/12,273.15
11/27/12,272.86
11/26/12,272
11/23/12,273.33
11/22/12,271.7
11/21/12,270.11
11/20/12,269.49
11/19/12,268.58
11/16/12,262.86
11/15/12,265.52
11/14/12,268.14
11/13/12,270.6
11/12/12,269.53
11/9/12,270.27
11/8/12,270.58
11/7/12,271.04
11/6/12,274.74
11/5/12,273.21
11/2/12,274.85
11/1/12,273.7
10/31/12,270.3
10/30/12,271.76
10/29/12,269.46
10/26/12,270.51
10/25/12,270.23
10/24/12,269.52
10/23/12,268.4
10/22/12,272.95
10/19/12,274.08
10/18/12,276.18
10/17/12,275.66
10/16/12,274.38
10/15/12,270.8
10/12/12,269.43
10/11/12,270.84
10/10/12,268.71
10/9/12,270.2
10/8/12,271.43
10/5/12,274.11
10/4/12,271.33
10/3/12,271.37
10/2/12,271.62
10/1/12,272.33
9/28/12,268.48
9/27/12,271.65
9/26/12,270.72
9/25/12,275.78
9/24/12,274.7
9/21/12,275.78
9/20/12,274.5
9/19/12,274.9
9/18/12,273.8
9/17/12,275.01
9/14/12,275.95
9/13/12,272.42
9/12/12,272.91
9/11/12,272.58
9/10/12,271.69
9/7/12,272.3
9/6/12,271.67
9/5/12,265.49
9/4/12,265.43
9/3/12,268.47
8/31/12,266.23
8/30/12,264.97
8/29/12,267.01
8/28/12,267.32
8/27/12,269.2
8/24/12,268
8/23/12,267.69
8/22/12,269.27
8/21/12,272.58
8/20/12,271.5
8/17/12,272.83
8/16/12,271.22
8/15/12,270.35
8/14/12,270.54
8/13/12,268.72
8/10/12,269.88
8/9/12,270.27
8/8/12,269.2
8/7/12,268.8
8/6/12,266.8
8/3/12,265.58
8/2/12,259.28
8/1/12,262.57
7/31/12,261.38
7/30/12,263.94
7/27/12,259.81
7/26/12,256.58
7/25/12,250.39
7/24/12,250.57
7/23/12,251.75
7/20/12,258.17
7/19/12,261.86
7/18/12,258.93
7/17/12,256.09
7/16/12,256.73
7/13/12,256.26
7/12/12,252.89
7/11/12,255.59
7/10/12,255.6
7/9/12,253.46
7/6/12,254.4
7/5/12,256.93
7/4/12,257.33
7/3/12,257.39
7/2/12,254.82
6/29/12,251.17
6/28/12,244.67
6/27/12,245.87
6/26/12,242.59
6/25/12,242.82
6/22/12,246.58
6/21/12,248.4
6/20/12,249.67
6/19/12,248.27
6/18/12,244.36
6/15/12,244.21
6/14/12,241.84
6/13/12,242.56
6/12/12,243.44
6/11/12,241.92
6/8/12,241.93
6/7/12,242.64
6/6/12,239.95
6/5/12,234.59
6/4/12,233.87
6/1/12,235.09
5/31/12,239.73
5/30/12,240.56
5/29/12,244.3
5/28/12,242.47
5/25/12,242.49
5/24/12,241.91
5/23/12,239.51
5/22/12,244.76
5/21/12,240.17
5/18/12,238.88
5/17/12,241.63
5/16/12,244.4
5/15/12,245.76
5/14/12,247.43
5/11/12,251.97
5/10/12,251.1
5/9/12,249.73
5/8/12,250.58
5/7/12,254.83
5/4/12,253
5/3/12,257.53
5/2/12,257.39
5/1/12,258.37
4/30/12,257.28
4/27/12,259.12
4/26/12,257.2
4/25/12,256.96
4/24/12,254.37
4/23/12,251.75
4/20/12,257.79
4/19/12,256.51
4/18/12,257.71
4/17/12,259.45
4/16/12,254.26
4/13/12,253.4
4/12/12,257.36
4/11/12,254.43
4/10/12,252.57
4/5/12,259.07
4/4/12,258.76
4/3/12,264.29
4/2/12,267.16
3/30/12,263.32
3/29/12,260.74
3/28/12,264.1
3/27/12,266.92
3/26/12,268.12
3/23/12,265.65
3/22/12,265.49
3/21/12,268.67
3/20/12,268.97
3/19/12,272.07
3/16/12,272.4
3/15/12,270.98
3/14/12,270.27
3/13/12,269.56
3/12/12,264.87
3/9/12,265.44
3/8/12,264.16
3/7/12,260.11
3/6/12,258.46
3/5/12,265.56
3/2/12,267.21
3/1/12,267.06
2/29/12,264.32
2/28/12,264.33
2/27/12,263.86
2/24/12,264.77
2/23/12,264.08
2/22/12,264.59
2/21/12,266.78
2/20/12,268.16
2/17/12,265.93
2/16/12,264.31
2/15/12,264.16
2/14/12,262.56
2/13/12,263.17
2/10/12,261.24
2/9/12,263.64
2/8/12,263.01
2/7/12,263.55
2/6/12,264.27
2/3/12,264.6
2/2/12,260.11
2/1/12,259.51
1/31/12,254.41
1/30/12,252.52
1/27/12,255.4
1/26/12,257.86
1/25/12,254.95
1/24/12,256.04
1/23/12,257.01
1/20/12,255.85
1/19/12,256.57
1/18/12,253.48
1/17/12,253.27
1/16/12,251.12
1/13/12,249.18
1/12/12,249.5
1/11/12,249.93
1/10/12,250.82
1/9/12,246.42
1/6/12,247.53
1/5/12,247.39
1/4/12,249.62
1/3/12,251.06
1/2/12,247.15
12/30/11,244.54
12/29/11,242.46
12/28/11,240.2
12/27/11,241.91
12/23/11,241.86
12/22/11,239.78
12/21/11,237.29
12/20/11,238.51
12/19/11,233.75
12/16/11,233.71
12/15/11,234.73
12/14/11,232.44
12/13/11,237.3
12/12/11,236.05
12/9/11,240.51
12/8/11,237.71
12/7/11,241.44
12/6/11,241.92
12/5/11,242.75
12/2/11,240.73
12/1/11,238.49
11/30/11,240.08
11/29/11,231.68
11/28/11,229.85
11/25/11,221.54
11/24/11,219.98
11/23/11,220.31
11/22/11,223.27
11/21/11,224.76
11/18/11,232.17
11/17/11,233.97
11/16/11,237.04
11/15/11,237.03
11/14/11,238.47
11/11/11,240.98
11/10/11,235.35
11/9/11,236.34
11/8/11,240.5
11/7/11,238.44
11/4/11,239.76
11/3/11,242.2
11/2/11,237.22
11/1/11,235.06
10/31/11,243.48
10/28/11,249
10/27/11,249.42
10/26/11,240.8
10/25/11,240.29
10/24/11,242.03
10/21/11,238.93
10/20/11,233.07
10/19/11,236.71
10/18/11,235.33
10/17/11,236.22
10/14/11,238.51
10/13/11,236.53
10/12/11,239.16
10/11/11,235.28
10/10/11,235.94
10/7/11,231.99
10/6/11,230.27
10/5/11,224.15
10/4/11,217.46
10/3/11,223.62
9/30/11,226.18
9/29/11,228.9
9/28/11,227.39
9/27/11,229.91
9/26/11,220.28
9/23/11,216.19
9/22/11,214.89
9/21/11,225.33
9/20/11,229.1
9/19/11,224.96
9/16/11,230.16
9/15/11,228.69
9/14/11,224.17
9/13/11,220.87
9/12/11,218.93
9/9/11,224.59
9/8/11,230.47
9/7/11,228.84
9/6/11,221.98
9/5/11,223.45
9/2/11,233.11
9/1/11,238.93
8/31/11,237.43
8/30/11,230.64
8/29/11,228.28
8/26/11,225.52
8/25/11,227.07
8/24/11,229.79
8/23/11,226.63
8/22/11,224.9
8/19/11,223.13
8/18/11,226.7
8/17/11,238.05
8/16/11,237.56
8/15/11,237.85
8/12/11,237.49
8/11/11,229.11
8/10/11,223.5
8/9/11,232.2
8/8/11,228.98
8/5/11,238.88
8/4/11,243.16
8/3/11,251.95
8/2/11,256.98
8/1/11,262.02
7/29/11,265.25
7/28/11,267.08
7/27/11,267.05
7/26/11,270.08
7/25/11,271.28
7/22/11,272.02
7/21/11,270.48
7/20/11,267.73
7/19/11,264.28
7/18/11,262.1
7/15/11,266.91
7/14/11,267.68
7/13/11,269.94
7/12/11,268.16
7/11/11,269.9
7/8/11,273.76
7/7/11,275.93
7/6/11,274.79
7/5/11,275.62
7/4/11,275.54
7/1/11,274.92
6/30/11,272.86
6/29/11,269.8
6/28/11,265.23
6/27/11,264.01
6/24/11,263.98
6/23/11,264.31
6/22/11,268.07
6/21/11,269.59
6/20/11,265.76
6/17/11,267.17
6/16/11,266.73
6/15/11,267.95
6/14/11,270.82
6/13/11,268.71
6/10/11,268.13
6/9/11,271.76
6/8/11,269.01
6/7/11,271.87
6/6/11,272.16
6/3/11,273.67
6/2/11,274.67
6/1/11,278.38
5/31/11,281.06
5/30/11,278.82
5/27/11,279.05
5/26/11,277.14
5/25/11,277.37
5/24/11,275.39
5/23/11,274.78
5/20/11,279.65
5/19/11,280
5/18/11,278.17
5/17/11,277.28
5/16/11,280.13
5/13/11,280.5
5/12/11,281.8
5/11/11,283.73
5/10/11,282.92
5/9/11,280.43
5/6/11,281.33
5/5/11,277.79
5/4/11,278.52
5/3/11,282.43
5/2/11,283.93
4/29/11,283.78
4/28/11,283.04
4/27/11,282.12
4/26/11,281.23
4/21/11,280.47
4/20/11,279.06
4/19/11,274.42
4/18/11,273.05
4/15/11,277.78
4/14/11,277.01
4/13/11,278.25
4/12/11,276.24
4/11/11,280.99
4/8/11,281.68
4/7/11,280.78
4/6/11,281.57
4/5/11,280.91
4/4/11,280.26
4/1/11,280.02
3/31/11,275.9
3/30/11,278.55
3/29/11,276.51
3/28/11,276.24
3/25/11,276.02
3/24/11,275.77
3/23/11,273.11
3/22/11,271.8
3/21/11,272.33
3/18/11,267.63
3/17/11,267.08
3/16/11,262.18
3/15/11,266.32
3/14/11,272.51
3/11/11,275.42
3/10/11,277.88
3/9/11,281.17
3/8/11,281.81
3/7/11,280.72
3/4/11,281.9
3/3/11,283.58
3/2/11,282.76
3/1/11,284.63
2/28/11,286.47
2/25/11,284.12
2/24/11,280.56
2/23/11,282.38
2/22/11,285.38
2/21/11,287.18
2/18/11,291.04
2/17/11,291.16
2/16/11,290.72
2/15/11,289.44
2/14/11,289.11
2/11/11,287.99
2/10/11,286.78
2/9/11,287.35
2/8/11,288.56
2/7/11,288.74
2/4/11,285.9
2/3/11,285
2/2/11,284.59
2/1/11,284.2
1/31/11,280.05
1/28/11,280.45
1/27/11,282.88
1/26/11,282.47
1/25/11,280.1
1/24/11,281.99
1/21/11,281.26
1/20/11,279.39
1/19/11,282.72
1/18/11,286.7
1/17/11,284.06
1/14/11,283.77
1/13/11,284.04
1/12/11,285.79
1/11/11,281.98
1/10/11,278.48
1/7/11,281.02
1/6/11,281.49
1/5/11,280.48
1/4/11,280.38
1/3/11,278.02
12/31/10,275.81
12/30/10,277.02
12/29/10,280.63
12/28/10,279.79
12/27/10,279.18
12/24/10,281.43
12/23/10,281.76
12/22/10,281.45
12/21/10,281.11
12/20/10,278.38
12/17/10,276.42
12/16/10,277.59
12/15/10,276.53
12/14/10,277.65
12/13/10,276.99
12/10/10,276.19
12/9/10,275.93
12/8/10,274.98
12/7/10,273.91
12/6/10,271.38
12/3/10,270.94
12/2/10,271.61
12/1/10,267.11
11/30/10,261.83
11/29/10,262.16
11/26/10,266.6
11/25/10,267.72
11/24/10,266.29
11/23/10,263.62
11/22/10,267.74
11/19/10,269.5
11/18/10,271.15
11/17/10,267.31
11/16/10,265.98
11/15/10,272.36
11/12/10,270.18
11/11/10,271.39
11/10/10,271.48
11/9/10,273.46
11/8/10,271.91
11/5/10,271.97
11/4/10,270.83
11/3/10,266.51
11/2/10,267.5
11/1/10,266.4
10/29/10,265.96
10/28/10,265.9
10/27/10,264.93
10/26/10,266.92
10/25/10,267.42
10/22/10,266.75
10/21/10,267.62
10/20/10,266.13
10/19/10,265.24
10/18/10,266.64
10/15/10,265.83
10/14/10,265.68
10/13/10,266.25
10/12/10,262.48
10/11/10,263.2
10/8/10,262.27
10/7/10,262.31
10/6/10,262.51
10/5/10,261.18
10/4/10,257.74
10/1/10,259.09
9/30/10,259.72
9/29/10,261.02
9/28/10,262.36
9/27/10,262.92
9/24/10,263.97
9/23/10,261.07
9/22/10,261.19
9/21/10,265.01
9/20/10,266.22
9/17/10,262.86
9/16/10,263.47
9/15/10,265.54
9/14/10,266.4
9/13/10,266.45
9/10/10,264.7
9/9/10,265.09
9/8/10,262.33
9/7/10,259.76
9/6/10,260.94
9/3/10,260.4
9/2/10,258.18
9/1/10,258.19
8/31/10,251.31
8/30/10,251.16
8/27/10,251.24
8/26/10,249.65
8/25/10,247.54
8/24/10,249.45
8/23/10,253.76
8/20/10,252.15
8/19/10,253.9
8/18/10,257.6
8/17/10,258.47
8/16/10,255.61
8/13/10,255.56
8/12/10,254.93
8/11/10,254.68
8/10/10,259.93
8/9/10,262.26
8/6/10,258.71
8/5/10,261.48
8/4/10,262.17
8/3/10,262.06
8/2/10,262.09
7/30/10,255.35
7/29/10,256.26
7/28/10,257.21
7/27/10,258.11
7/26/10,257.12
7/23/10,255.97
7/22/10,254.37
7/21/10,249.24
7/20/10,246.35
7/19/10,246.18
7/16/10,248.11
7/15/10,252.97
7/14/10,255.92
7/13/10,255.99
7/12/10,251.18
7/9/10,250.09
7/8/10,248.6
7/7/10,246.06
7/6/10,242.76
7/5/10,236.68
7/2/10,237.27
7/1/10,237.3
6/30/10,243.32
6/29/10,243.82
6/28/10,251.36
6/25/10,248.33
6/24/10,249.78
6/23/10,254.44
6/22/10,256.92
6/21/10,258.18
6/18/10,255.5
6/17/10,254.88
6/16/10,254.47
6/15/10,254.28
6/14/10,252.54
6/11/10,249.46
6/10/10,248.46
6/9/10,244.6
6/8/10,240.06
6/7/10,242.71
6/4/10,244.53
6/3/10,248.91
6/2/10,245.4
6/1/10,245.34
5/31/10,244.98
5/28/10,244.01
5/27/10,244.79
5/26/10,237.74
5/25/10,232.11
5/24/10,238.02
5/21/10,237.11
5/20/10,238.28
5/19/10,243.71
5/18/10,251.3
5/17/10,248.09
5/14/10,248.46
5/13/10,257.24
5/12/10,256.6
5/11/10,252.93
5/10/10,254.14
5/7/10,237.18
5/6/10,246.9
5/5/10,250.55
5/4/10,252.97
5/3/10,260.52
4/30/10,259.91
4/29/10,261.74
4/28/10,258.24
4/27/10,261.65
4/26/10,270.1
4/23/10,267.42
4/22/10,265.32
4/21/10,268.23
4/20/10,269.73
4/19/10,266.13
4/16/10,267.92
4/15/10,272.14
4/14/10,270.44
4/13/10,268.69
4/12/10,269.36
4/9/10,269.74
4/8/10,266.28
4/7/10,268.61
4/6/10,269.37
4/1/10,267.62
3/31/10,263.57
3/30/10,263.87
3/29/10,263.89
3/26/10,263.58
3/25/10,264.79
3/24/10,262.19
3/23/10,261.85
3/22/10,260.13
3/19/10,260.2
3/18/10,261.2
3/17/10,261.34
3/16/10,259.03
3/15/10,256.65
3/12/10,258.4
3/11/10,257.6
3/10/10,258.24
3/9/10,256.73
3/8/10,256.87
3/5/10,257.09
3/4/10,253
3/3/10,252.6
3/2/10,250.65
3/1/10,248.69
2/26/10,245.8
2/25/10,243.29
2/24/10,247.22
2/23/10,246.74
2/22/10,249.67
2/19/10,250.3
2/18/10,249.14
2/17/10,247.69
2/16/10,244.38
2/15/10,241.92
2/12/10,241.02
2/11/10,241.74
2/10/10,240.91
2/9/10,239.19
2/8/10,238.91
2/5/10,237.46
2/4/10,242.7
2/3/10,249.4
2/2/10,250.8
2/1/10,248.42
1/29/10,246.96
1/28/10,244.61
1/27/10,247.31
1/26/10,249.41
1/25/10,248.29
1/22/10,249.91
1/21/10,252.76
1/20/10,256.3
1/19/10,260.26
1/18/10,258.21
1/15/10,256.44
1/14/10,258.84
1/13/10,256.96
1/12/10,256.38
1/11/10,258.81
1/8/10,259.15
1/7/10,258.04
1/6/10,257.96
1/5/10,257.59
1/4/10,257.65
12/31/09,253.89
12/30/09,253.16
12/29/09,254.09
12/28/09,253.17
12/24/09,251.91
12/23/09,251.9
12/22/09,251.15
12/21/09,249.57
12/18/09,246.19
12/17/09,247.18
12/16/09,250.33
12/15/09,247.17
12/14/09,247.04
12/11/09,245.13
12/10/09,243.89
12/9/09,241.42
12/8/09,244.01
12/7/09,247.88
12/4/09,249.03
12/3/09,246.33
12/2/09,246.77
12/1/09,245.58
11/30/09,239.17
11/27/09,242.6
11/26/09,239.85
11/25/09,247.96
11/24/09,246.88
11/23/09,248.49
11/20/09,243.62
11/19/09,245.52
11/18/09,249.65
11/17/09,250.36
11/16/09,251.34
11/13/09,247.8
11/12/09,246.61
11/11/09,246.2
11/10/09,245.31
11/9/09,245.74
11/6/09,241.06
11/5/09,240.52
11/4/09,239.13
11/3/09,234.9
11/2/09,237.64
10/30/09,236.93
10/29/09,241.73
10/28/09,237.34
10/27/09,242.27
10/26/09,241.84
10/23/09,244.89
10/22/09,246.23
10/21/09,249.19
10/20/09,248.25
10/19/09,249.34
10/16/09,245.58
10/15/09,247.28
10/14/09,246.98
10/13/09,241.94
10/12/09,244.34
10/9/09,242.72
10/8/09,243.44
10/7/09,240.35
10/6/09,241.13
10/5/09,236.09
10/2/09,234.1
10/1/09,238.62
9/30/09,242.47
9/29/09,243.59
9/28/09,243.2
9/25/09,238.95
9/24/09,239.98
9/23/09,244.74
9/22/09,244.22
9/21/09,242.97
9/18/09,244.92
9/17/09,246.1
9/16/09,244.81
9/15/09,241.36
9/14/09,240.93
9/11/09,241.74
9/10/09,240.47
9/9/09,240.09
9/8/09,237.89
9/7/09,237.2
9/4/09,233.85
9/3/09,230.68
9/2/09,230.59
9/1/09,231.66
8/31/09,236
8/28/09,237.51
8/27/09,235.24
8/26/09,236.45
8/25/09,237.84
8/24/09,236.84
8/21/09,234.85
8/20/09,229.65
8/19/09,226.45
8/18/09,227.23
8/17/09,224.23
8/14/09,228.77
8/13/09,230.48
8/12/09,228.65
8/11/09,226.35
8/10/09,229.56
8/7/09,230.68
8/6/09,227.89
8/5/09,226.87
8/4/09,227.79
8/3/09,228.46
7/31/09,224.91
7/30/09,225.25
7/29/09,220.37
7/28/09,218.54
7/27/09,220.59
7/24/09,219.67
7/23/09,219.79
7/22/09,215.65
7/21/09,215.02
7/20/09,213.22
7/17/09,210.67
7/16/09,209.86
7/15/09,209.08
7/14/09,203.49
7/13/09,200.8
7/10/09,197.25
7/9/09,199.41
7/8/09,198.03
7/7/09,200.2
7/6/09,201.71
7/3/09,204.08
7/2/09,204.12
7/1/09,209.46
6/30/09,205.83
6/29/09,208.03
6/26/09,204.47
6/25/09,204.66
6/24/09,206.33
6/23/09,201.49
6/22/09,202.48
6/19/09,208.28
6/18/09,205.64
6/17/09,204.63
6/16/09,208.8
6/15/09,209.02
6/12/09,214.35
6/11/09,214.8
6/10/09,212.77
6/9/09,210.29
6/8/09,209.29
6/5/09,210.76
6/4/09,209.47
6/3/09,209.94
6/2/09,214.24
6/1/09,214.31
5/29/09,208.21
5/28/09,207.93
5/27/09,210.41
5/26/09,208.96
5/25/09,207.36
5/22/09,207.01
5/21/09,207.57
5/20/09,211.75
5/19/09,210.78
5/18/09,207.83
5/15/09,202.92
5/14/09,201.7
5/13/09,200.72
5/12/09,206.18
5/11/09,206.59
5/8/09,209.51
5/7/09,206.29
5/6/09,208.02
5/5/09,205.07
5/4/09,203.77
5/1/09,200.48
4/30/09,200.23
4/29/09,197.28
4/28/09,193.57
4/27/09,196.53
4/24/09,195.82
4/23/09,191.49
4/22/09,192.38
4/21/09,190.2
4/20/09,189.93
4/17/09,196.96
4/16/09,193.82
4/15/09,190.52
4/14/09,190.99
4/9/09,188.06
4/8/09,184.02
4/7/09,183.46
4/6/09,185.01
4/3/09,186.17
4/2/09,188.11
4/1/09,179.26
3/31/09,176.46
3/30/09,170.45
3/27/09,177.17
3/26/09,179.12
3/25/09,178.82
3/24/09,178.21
3/23/09,177.73
3/20/09,172.58
3/19/09,171.87
3/18/09,170.76
3/17/09,172.05
3/16/09,173.19
3/13/09,168.57
3/12/09,167.36
3/11/09,166.24
3/10/09,165.99
3/9/09,157.97
3/6/09,159.52
3/5/09,161.59
3/4/09,167.62
3/3/09,161.34
3/2/09,164.3
2/27/09,172.92
2/26/09,176.14
2/25/09,172.31
2/24/09,172.86
2/23/09,175.29
2/20/09,176.93
2/19/09,183.39
2/18/09,183.35
2/17/09,183.98
2/16/09,188.67
2/13/09,191.27
2/12/09,190.64
2/11/09,193.13
2/10/09,193.82
2/9/09,199.35
2/6/09,198.53
2/5/09,194.5
2/4/09,194.67
2/3/09,189.78
2/2/09,186.32
1/30/09,191.23
1/29/09,190.79
1/28/09,194.32
1/27/09,188.31
1/26/09,188.06
1/23/09,182.49
1/22/09,182.85
1/21/09,184.52
1/20/09,185.7
1/19/09,189.72
1/16/09,192.96
1/15/09,191.17
1/14/09,192.87
1/13/09,201.66
1/12/09,204.53
1/9/09,207.82
1/8/09,208.77
1/7/09,210.31
1/6/09,212.87
1/5/09,208.69
1/2/09,204.46
12/31/08,198.36
12/30/08,196.9
12/29/08,193.46
12/24/08,192.42
12/23/08,193.05
12/22/08,193.32
12/19/08,196.43
12/18/08,197.31
12/17/08,197.51
12/16/08,199.01
12/15/08,197.51
12/12/08,198.22
12/11/08,203.79
12/10/08,205.37
12/9/08,205.33
12/8/08,202.61
12/5/08,189.84
12/4/08,197.4
12/3/08,198.29
12/2/08,197.2
12/1/08,193.91
11/28/08,206.25
11/27/08,203.62
11/26/08,198.85
11/25/08,198.77
11/24/08,197.51
11/21/08,182.13
11/20/08,186.75
11/19/08,193.77
11/18/08,201.91
11/17/08,200.36
11/14/08,206.52
11/13/08,204.08
11/12/08,205.22
11/11/08,212.17
11/10/08,220.96
11/7/08,219.6
11/6/08,215.46
11/5/08,228.13
11/4/08,233.5
11/3/08,223.38
10/31/08,222.07
10/30/08,216.24
10/29/08,213.72
10/28/08,199.44
10/27/08,195.04
10/24/08,198.82
10/23/08,208.72
10/22/08,209.57
10/21/08,220.9
10/20/08,222.01
10/17/08,214.27
10/16/08,206.4
10/15/08,217.17
10/14/08,232.22
10/13/08,225.37
10/10/08,205.13
10/9/08,221.78
10/8/08,226.31
10/7/08,240.72
10/6/08,241.5
10/3/08,261.43
10/2/08,254.24
10/1/08,257.75
9/30/08,256.05
9/29/08,251.43
9/26/08,265.92
9/25/08,271.01
9/24/08,265.66
9/23/08,267.31
9/22/08,272.35
9/19/08,278.18
9/18/08,256.77
9/17/08,258.04
9/16/08,263.54
9/15/08,270.68
9/12/08,280.41
9/11/08,275.66
9/10/08,277.35
9/9/08,279.6
9/8/08,281.3
9/5/08,272.24
9/4/08,278.18
9/3/08,285.58
9/2/08,290.08
9/1/08,287.18
8/29/08,288.18
8/28/08,287.21
8/27/08,283.25
8/26/08,282.74
8/25/08,282.15
8/22/08,283.82
8/21/08,278.44
8/20/08,280.76
8/19/08,279.71
8/18/08,286.95
8/15/08,287.25
8/14/08,285.91
8/13/08,284.44
8/12/08,291.84
8/11/08,293.06
8/8/08,289.28
8/7/08,286.89
8/6/08,287.66
8/5/08,285.01
8/4/08,277.59
8/1/08,280.24
7/31/08,283.76
7/30/08,284
7/29/08,279.64
7/28/08,278.73
7/25/08,281.76
7/24/08,282.21
7/23/08,286.77
7/22/08,280.9
7/21/08,282.36
7/18/08,280.69
7/17/08,276.27
7/16/08,268.5
7/15/08,266.51
7/14/08,272.47
7/11/08,270.36
7/10/08,277.95
7/9/08,283.9
7/8/08,278.97
7/7/08,283.17
7/4/08,279.53
7/3/08,283.08
7/2/08,280.69
7/1/08,283
6/30/08,289.39
6/27/08,287.34
6/26/08,288.48
6/25/08,296.1
6/24/08,292.54
6/23/08,294.81
6/20/08,295.08
6/19/08,300.24
6/18/08,301.74
6/17/08,306.34
6/16/08,304.9
6/13/08,305.7
6/12/08,304.1
6/11/08,301.37
6/10/08,306.61
6/9/08,308.71
6/6/08,310.29
6/5/08,316.61
6/4/08,317.07
6/3/08,321.05
6/2/08,318.44
5/30/08,322.12
5/29/08,320.91
5/28/08,320.15
5/27/08,317.19
5/26/08,318.27
5/23/08,319.02
5/22/08,324.41
5/21/08,323.16
5/20/08,325.97
5/19/08,332.87
5/16/08,329.86
5/15/08,328.41
5/14/08,327.2
5/13/08,325.57
5/12/08,325.95
5/9/08,324.85
5/8/08,329.28
5/7/08,329.35
5/6/08,326.69
5/5/08,328.28
5/2/08,329.21
5/1/08,323.59
4/30/08,323.09
4/29/08,320.67
4/28/08,323.62
4/25/08,321.7
4/24/08,317.65
4/23/08,317.41
4/22/08,315.5
4/21/08,316.96
4/18/08,320.69
4/17/08,313.17
4/16/08,314.95
4/15/08,309.58
4/14/08,308.26
4/11/08,310.74
4/10/08,315.24
4/9/08,316.53
4/8/08,318.74
4/7/08,322.01
4/4/08,319.15
4/3/08,317.97
4/2/08,319.66
4/1/08,316.07
3/31/08,305.96
3/28/08,306.69
3/27/08,308.46
3/26/08,304.63
3/25/08,306.63
3/20/08,296.83
3/19/08,297.48
3/18/08,300.57
3/17/08,290.26
3/14/08,304.15
3/13/08,307.26
3/12/08,311.48
3/11/08,307.82
3/10/08,304.15
3/7/08,307.98
3/6/08,311.42
3/5/08,315.61
3/4/08,310.26
3/3/08,314.46
2/29/08,318.95
2/28/08,323.34
2/27/08,329.39
2/26/08,330.01
2/25/08,325.3
2/22/08,319.88
2/21/08,322.43
2/20/08,320.33
2/19/08,324.16
2/18/08,323.53
2/15/08,317.36
2/14/08,323.66
2/13/08,323.3
2/12/08,323.03
2/11/08,312.59
2/8/08,315.5
2/7/08,314.14
2/6/08,320.35
2/5/08,318.73
2/4/08,329.13
2/1/08,328.42
1/31/08,322.16
1/30/08,322.19
1/29/08,324.31
1/28/08,318.7
1/25/08,322.23
1/24/08,322.08
1/23/08,306.03
1/22/08,315.55
1/21/08,308.77
1/18/08,327.53
1/17/08,331.07
1/16/08,332.75
1/15/08,335.94
1/14/08,344.78
1/11/08,343.69
1/10/08,345.38
1/9/08,348.77
1/8/08,353.43
1/7/08,351.27
1/4/08,352
1/3/08,358.95
1/2/08,360.08
12/31/07,364.64
12/28/07,364.39
12/27/07,365.09
12/24/07,364.8
12/21/07,364.49
12/20/07,359.46
12/19/07,358.74
12/18/07,360.43
12/17/07,360.83
12/14/07,367.24
12/13/07,365.61
12/12/07,374.75
12/11/07,373.55
12/10/07,375.06
12/7/07,372.88
12/6/07,369.87
12/5/07,369.61
12/4/07,363.34
12/3/07,368.81
11/30/07,370.36
11/29/07,365.72
11/28/07,364.09
11/27/07,354.27
11/26/07,355.78
11/23/07,357.74
11/22/07,351.86
11/21/07,349.18
11/20/07,358.65
11/19/07,354.7
11/16/07,362.72
11/15/07,365.82
11/14/07,370.46
11/13/07,368.52
11/12/07,367.69
11/9/07,367.57
11/8/07,373.48
11/7/07,375.58
11/6/07,378.64
11/5/07,377.32
11/2/07,379.92
11/1/07,382.57
10/31/07,388.43
10/30/07,384.9
10/29/07,386.6
10/26/07,383.95
10/25/07,381.83
10/24/07,377.45
10/23/07,379.78
10/22/07,375.82
10/19/07,380.88
10/18/07,383.36
10/17/07,386.62
10/16/07,384.03
10/15/07,386.95
10/12/07,390.63
10/11/07,390.43
10/10/07,388.23
10/9/07,387.84
10/8/07,385.86
10/5/07,386.93
10/4/07,384.18
10/3/07,383.59
10/2/07,382.78
10/1/07,380.86
9/28/07,377.86
9/27/07,377.96
9/26/07,375.03
9/25/07,372.4
9/24/07,376.55
9/21/07,376.74
9/20/07,374.95
9/19/07,377.53
9/18/07,367.67
9/17/07,362.18
9/14/07,367.75
9/13/07,372.21
9/12/07,369.23
9/11/07,368.41
9/10/07,362.23
9/7/07,365.58
9/6/07,373.84
9/5/07,372.66
9/4/07,379.47
9/3/07,376.99
8/31/07,375.94
8/30/07,370.99
8/29/07,366.81
8/28/07,364.66
8/27/07,371.09
8/24/07,370.52
8/23/07,369.33
8/22/07,368.62
8/21/07,362.39
8/20/07,362.33
8/17/07,359.98
8/16/07,352.37
8/15/07,365.36
8/14/07,366.34
8/13/07,370.91
8/10/07,362.77
8/9/07,374.27
8/8/07,381.05
8/7/07,373.62
8/6/07,368.64
8/3/07,372.03
8/2/07,376.93
8/1/07,374.16
7/31/07,380.07
7/30/07,372.03
7/27/07,372.69
7/26/07,374.56
7/25/07,385.5
7/24/07,388.94
7/23/07,394.99
7/20/07,392.59
7/19/07,396.94
7/18/07,393.14
7/17/07,397.79
7/16/07,399.71
7/13/07,399.02
7/12/07,397.34
7/11/07,392.72
7/10/07,394.02
7/9/07,398.52
7/6/07,397.27
7/5/07,394.93
7/4/07,397.5
7/3/07,395.71
7/2/07,392.23
6/29/07,393.71
6/28/07,391.6
6/27/07,387.69
6/26/07,389.52
6/25/07,391.94
6/22/07,392.43
6/21/07,393.7
6/20/07,397.85
6/19/07,396.42
6/18/07,397.87
6/15/07,399.27
6/14/07,394.29
6/13/07,388.22
6/12/07,386.8
6/11/07,388.88
6/8/07,385.09
6/7/07,385.46
6/6/07,390.07
6/5/07,396.61
6/4/07,399.02
6/1/07,400.31
5/31/07,396.74
5/30/07,393.65
5/29/07,394.39
5/28/07,394.08
5/25/07,393.48
5/24/07,393.55
5/23/07,396.39
5/22/07,393.39
5/21/07,393.36
5/18/07,393.95
5/17/07,390.39
5/16/07,389.47
5/15/07,390.21
5/14/07,388.96
5/11/07,389.78
5/10/07,387.72
5/9/07,390.58
5/8/07,389.79
5/7/07,392.88
5/4/07,392.73
5/3/07,389.72
5/2/07,388.64
5/1/07,386.77
4/30/07,386.93
4/27/07,386.1
4/26/07,388.4
4/25/07,387.8
4/24/07,385.38
4/23/07,388.85
4/20/07,389.27
4/19/07,384.39
4/18/07,385.88
4/17/07,387.86
4/16/07,387.72
4/13/07,383.33
4/12/07,380.79
4/11/07,382.19
4/10/07,382.51
4/5/07,380.26
4/4/07,379.99
4/3/07,379.49
4/2/07,375.53
3/30/07,374.22
3/29/07,374.29
3/28/07,370.1
3/27/07,372.46
3/26/07,372.85
3/23/07,375.98
3/22/07,374.2
3/21/07,368.75
3/20/07,367.23
3/19/07,364.42
3/16/07,359.06
3/15/07,359.02
3/14/07,351.93
3/13/07,361.56
3/12/07,365.49
3/9/07,367.35
3/8/07,366.54
3/7/07,361.65
3/6/07,359.69
3/5/07,356.4
3/2/07,360.67
3/1/07,361.79
2/28/07,365.03
2/27/07,370.56
2/26/07,382.17
2/23/07,380.53
2/22/07,379.7
2/21/07,378.46
2/20/07,380.99
2/19/07,382.19
2/16/07,380.81
2/15/07,381.29
2/14/07,381.7
2/13/07,378.72
2/12/07,378.06
2/9/07,380.24
2/8/07,378.3
2/7/07,381.62
2/6/07,380.54
2/5/07,379.23
2/2/07,378.98
2/1/07,376.95
1/31/07,372.72
1/30/07,374.6
1/29/07,373.34
1/26/07,372.38
1/25/07,374.87
1/24/07,376.02
1/23/07,372.61
1/22/07,372.8
1/19/07,374.23
1/18/07,371.58
1/17/07,371.73
1/16/07,372.02
1/15/07,374.16
1/12/07,371.86
1/11/07,370.1
1/10/07,363.84
1/9/07,366.21
1/8/07,365.38
1/5/07,365.69
1/4/07,368.76
1/3/07,369.84
1/2/07,369.86
12/29/06,365.26
12/28/06,366.32
12/27/06,366.17
12/22/06,362.45
12/21/06,364.15
12/20/06,364.56
12/19/06,363.49
12/18/06,365.94
12/15/06,366.16
12/14/06,364.18
12/13/06,361.99
12/12/06,359.7
12/11/06,358.43
12/8/06,356.34
12/7/06,356.03
12/6/06,354.03
12/5/06,353.91
12/4/06,351.59
12/1/06,349.31
11/30/06,351.78
11/29/06,354.23
11/28/06,349.54
11/27/06,350.6
11/24/06,355.98
11/23/06,358.69
11/22/06,359.55
11/21/06,359.98
11/20/06,359.48
11/17/06,358.25
11/16/06,361.04
11/15/06,360.24
11/14/06,358.23
11/13/06,359.22
11/10/06,358.47
11/9/06,358.92
11/8/06,359.56
11/7/06,359.84
11/6/06,358.27
11/3/06,354.33
11/2/06,353.19
11/1/06,354.6
10/31/06,353.34
10/30/06,353.41
10/27/06,354.55
10/26/06,355.46
10/25/06,356.01
10/24/06,354.9
10/23/06,354.84
10/20/06,353.65
10/19/06,352.58
10/18/06,352.59
10/17/06,349.26
10/16/06,353.08
10/13/06,352.38
10/12/06,351.42
10/11/06,348.57
10/10/06,348.26
10/9/06,345.94
10/6/06,345.55
10/5/06,344.99
10/4/06,343.01
10/3/06,340.52
10/2/06,341.39
9/29/06,341.43
9/28/06,341.63
9/27/06,341.38
9/26/06,339.52
9/25/06,334.93
9/22/06,335.11
9/21/06,339
9/20/06,337.53
9/19/06,333.97
9/18/06,335.8
9/15/06,335.68
9/14/06,334.66
9/13/06,334.65
9/12/06,333.64
9/11/06,329.41
9/8/06,331.22
9/7/06,329.87
9/6/06,332.98
9/5/06,336.65
9/4/06,337.8
9/1/06,336.43
8/31/06,334.73
8/30/06,335.51
8/29/06,333.6
8/28/06,332.79
8/25/06,331.41
8/24/06,331.06
8/23/06,330.16
8/22/06,331.73
8/21/06,330.69
8/18/06,330.98
8/17/06,331.84
8/16/06,331.43
8/15/06,330.12
8/14/06,327.36
8/11/06,324.45
8/10/06,324.04
8/9/06,326.61
8/8/06,324.44
8/7/06,324.23
8/4/06,327.87
8/3/06,324.12
8/2/06,326.8
8/1/06,323.51
7/31/06,326.04
7/28/06,327.32
7/27/06,325.37
7/26/06,322.11
7/25/06,320.78
7/24/06,320.41
7/21/06,314.56
7/20/06,317.5
7/19/06,316.8
7/18/06,309.82
7/17/06,310.4
7/14/06,311.68
7/13/06,315.64
7/12/06,320.3
7/11/06,319.45
7/10/06,322.41
7/7/06,321.35
7/6/06,321.94
7/5/06,318.98
7/4/06,322.87
7/3/06,322.2
6/30/06,320.66
6/29/06,316.22
6/28/06,310.7
6/27/06,310.19
6/26/06,312.3
6/23/06,313.17
6/22/06,312.72
6/21/06,311.47
6/20/06,311.4
6/19/06,309.78
6/16/06,307.56
6/15/06,309.62
6/14/06,302.25
6/13/06,301.66
6/12/06,308.55
6/9/06,311.01
6/8/06,305.84
6/7/06,314.26
6/6/06,312.57
6/5/06,318.94
6/2/06,320.96
6/1/06,320.1
5/31/06,318.86
5/30/06,315.85
5/29/06,322.91
5/26/06,323.17
5/25/06,316.91
5/24/06,313.06
5/23/06,317.51
5/22/06,309.62
5/19/06,318.77
5/18/06,318.63
5/17/06,320.08
5/16/06,329.29
5/15/06,328.8
5/12/06,333.68
5/11/06,340.78
5/10/06,341.94
5/9/06,343.84
5/8/06,342.37
5/5/06,342.11
5/4/06,338.76
5/3/06,337.2
5/2/06,339.89
5/1/06,337.32
4/28/06,336.48
4/27/06,337.84
4/26/06,339.7
4/25/06,339.06
4/24/06,339.3
4/21/06,341.1
4/20/06,338.72
4/19/06,337.88
4/18/06,334.04
4/13/06,334.36
4/12/06,333.08
4/11/06,333.74
4/10/06,337.65
4/7/06,336.02
4/6/06,337.54
4/5/06,336.75
4/4/06,335.55
4/3/06,337.2
3/31/06,334.44
3/30/06,336.64
3/29/06,333.98
3/28/06,333.22
3/27/06,335.23
3/24/06,337.86
3/23/06,336.17
3/22/06,336.44
3/21/06,335.48
3/20/06,335.13
3/17/06,334.41
3/16/06,334.16
3/15/06,334
3/14/06,333.26
3/13/06,332.61
3/10/06,330.1
3/9/06,327.5
3/8/06,324.92
3/7/06,327.56
3/6/06,329.41
3/3/06,327.59
3/2/06,327.75
3/1/06,330.74
2/28/06,327.88
2/27/06,332.48
2/24/06,331.49
2/23/06,330.45
2/22/06,331.05
2/21/06,329.18
2/20/06,328.08
2/17/06,327.31
2/16/06,326.34
2/15/06,324.51
2/14/06,324.12
2/13/06,324.7
2/10/06,323.09
2/9/06,324.3
2/8/06,320.56
2/7/06,321.1
2/6/06,322.13
2/3/06,321.77
2/2/06,321.56
2/1/06,324.48
1/31/06,321.04
1/30/06,321.07
1/27/06,321.22
1/26/06,317.54
1/25/06,314.49
1/24/06,311
1/23/06,311.7
1/20/06,312.46
1/19/06,314.35
1/18/06,312.51
1/17/06,315.23
1/16/06,317.57
1/13/06,316.87
1/12/06,318.68
1/11/06,317.55
1/10/06,315.7
1/9/06,317.71
1/6/06,317.1
1/5/06,315.04
1/4/06,316.14
1/3/06,313.04
1/2/06,311.19
12/30/05,310.03
12/29/05,311.86
12/28/05,310.11
12/27/05,310.54
12/23/05,309.7
12/22/05,309.55
12/21/05,310.18
12/20/05,308.59
12/19/05,307.45
12/16/05,307.82
12/15/05,305.67
12/14/05,306.31
12/13/05,307.22
12/12/05,306.8
12/9/05,306.86
12/8/05,306.92
12/7/05,306.78
12/6/05,307.1
12/5/05,305.49
12/2/05,306.68
12/1/05,304.31
11/30/05,299.47
11/29/05,300.95
11/28/05,300.28
11/25/05,302.31
11/24/05,301.43
11/23/05,302.19
11/22/05,300.96
11/21/05,300.72
11/18/05,299.87
11/17/05,298.03
11/16/05,296.74
11/15/05,299.02
11/14/05,299.91
11/11/05,299.85
11/10/05,296.72
11/9/05,296.52
11/8/05,296.81
11/7/05,296.67
11/4/05,295.51
11/3/05,295.88
11/2/05,291.55
11/1/05,290.45
10/31/05,290.29
10/28/05,283.52
10/27/05,283.11
10/26/05,286.91
10/25/05,285.77
10/24/05,286.61
10/21/05,283.28
10/20/05,284.56
10/19/05,283.26
10/18/05,288.26
10/17/05,288.83
10/14/05,288.91
10/13/05,288.44
10/12/05,291.44
10/11/05,293.54
10/10/05,292.87
10/7/05,292.07
10/6/05,293.42
10/5/05,297.52
10/4/05,300.61
10/3/05,299.75
9/30/05,297.4
9/29/05,296.32
9/28/05,297.33
9/27/05,294.81
9/26/05,295.75
9/23/05,292.21
9/22/05,290.84
9/21/05,291.89
9/20/05,294.93
9/19/05,294.6
9/16/05,293.88
9/15/05,292.13
9/14/05,292.05
9/13/05,291.09
9/12/05,293.12
9/9/05,292.45
9/8/05,291.55
9/7/05,291.83
9/6/05,290.73
9/5/05,288.33
9/2/05,286.71
9/1/05,286.84
8/31/05,284.82
8/30/05,282.54
8/29/05,282.61
8/26/05,281.82
8/25/05,283.68
8/24/05,285.63
8/23/05,287.03
8/22/05,288.68
8/19/05,288.48
8/18/05,285.75
8/17/05,286.66
8/16/05,287.4
8/15/05,288.08
8/12/05,288.2
8/11/05,288.85
8/10/05,289.76
8/9/05,287.36
8/8/05,285.62
8/5/05,283.85
8/4/05,284.93
8/3/05,287.09
8/2/05,287.44
8/1/05,285.3
7/29/05,285.03
7/28/05,285.2
7/27/05,283.79
7/26/05,283
7/25/05,282.83
7/22/05,281.66
7/21/05,281.46
7/20/05,281.06
7/19/05,281.67
7/18/05,280.57
7/15/05,281.23
7/14/05,281.74
7/13/05,280.46
7/12/05,278.86
7/11/05,279.93
7/8/05,278.47
7/7/05,274.69
7/6/05,279.78
7/5/05,278.14
7/4/05,278.76
7/1/05,278.07
6/30/05,275.92
6/29/05,276.79
6/28/05,275.97
6/27/05,273.64
6/24/05,276.32
6/23/05,278.59
6/22/05,277.42
6/21/05,277.1
6/20/05,275.78
6/17/05,275.87
6/16/05,275.51
6/15/05,273.99
6/14/05,275.1
6/13/05,274.72
6/10/05,273.63
6/9/05,271.98
6/8/05,271.92
6/7/05,272.57
6/6/05,269.4
6/3/05,270.25
6/2/05,270.83
6/1/05,270.87
5/31/05,267.29
5/30/05,267.37
5/27/05,266.1
5/26/05,266.33
5/25/05,264.48
5/24/05,264.63
5/23/05,264.84
5/20/05,263.75
5/19/05,263.52
5/18/05,262.29
5/17/05,259.32
5/16/05,259.06
5/13/05,260.15
5/12/05,260.13
5/11/05,258.55
5/10/05,259.11
5/9/05,261.01
5/6/05,261.9
5/5/05,260.77
5/4/05,259.29
5/3/05,257.96
5/2/05,256.83
4/29/05,256.06
4/28/05,255.63
4/27/05,255.99
4/26/05,259.52
4/25/05,260.45
4/22/05,259.27
4/21/05,257.28
4/20/05,257.66
4/19/05,259.05
4/18/05,257.28
4/15/05,261.85
4/14/05,266.01
4/13/05,266.65
4/12/05,265.42
4/11/05,266.32
4/8/05,266.89
4/7/05,266.31
4/6/05,265.52
4/5/05,264.47
4/4/05,262.26
4/1/05,263.43
3/31/05,262.19
3/30/05,262.09
3/29/05,262.89
3/24/05,262.17
3/23/05,260.66
3/22/05,261.55
3/21/05,261.06
3/18/05,261.69
3/17/05,261.12
3/16/05,261.12
3/15/05,264.79
3/14/05,262.66
3/11/05,263.05
3/10/05,262.45
3/9/05,264.59
3/8/05,266.21
3/7/05,267.68
3/4/05,267.91
3/3/05,266.15
3/2/05,266.16
3/1/05,266.25
2/28/05,264.29
2/25/05,265.14
2/24/05,262.14
2/23/05,262.3
2/22/05,263.75
2/21/05,265.66
2/18/05,266.01
2/17/05,265.64
2/16/05,265.35
2/15/05,266.97
2/14/05,265.91
2/11/05,265.52
2/10/05,263.13
2/9/05,263.39
2/8/05,263.81
2/7/05,263.32
2/4/05,261.92
2/3/05,259.54
2/2/05,259.67
2/1/05,258.86
1/31/05,256.85
1/28/05,255.14
1/27/05,256.12
1/26/05,255.03
1/25/05,254.94
1/24/05,253.28
1/21/05,253.42
1/20/05,253.69
1/19/05,254.73
1/18/05,254.28
1/17/05,254.03
1/14/05,252.99
1/13/05,251.73
1/12/05,250.79
1/11/05,252.73
1/10/05,254.62
1/7/05,254.72
1/6/05,253.09
1/5/05,251.85
1/4/05,253.55
1/3/05,252.55
12/31/04,251.11
12/30/04,251.02
12/29/04,251.03
12/28/04,251.09
12/27/04,250.84
12/24/04,251.26
12/23/04,250.98
12/22/04,250.91
12/21/04,249.77
12/20/04,250.29
12/17/04,249.13
12/16/04,251.09
12/15/04,250.18
12/14/04,250.31
12/13/04,250.04
12/10/04,248.18
12/9/04,247.19
12/8/04,248.97
12/7/04,249.44
12/6/04,248.54
12/3/04,249.74
12/2/04,250.32
12/1/04,249.29
11/30/04,246.51
11/29/04,247.53
11/26/04,247.78
11/25/04,248.17
11/24/04,246.4
11/23/04,246.71
11/22/04,246.32
11/19/04,247.61
11/18/04,249.5
11/17/04,249.45
11/16/04,247.24
11/15/04,248.89
11/12/04,249.2
11/11/04,248.32
11/10/04,246.05
11/9/04,245.52
11/8/04,245.6
11/5/04,245.9
11/4/04,244.56
11/3/04,245.29
11/2/04,244.5
11/1/04,242.29
10/29/04,240.3
10/28/04,240.94
10/27/04,239.48
10/26/04,236.65
10/25/04,235.95
10/22/04,239.87
10/21/04,240.06
10/20/04,238.65
10/19/04,241.05
10/18/04,238.77
10/15/04,239.49
10/14/04,239.97
10/13/04,241.6
10/12/04,241.05
10/11/04,242.93
10/8/04,243.07
10/7/04,244.15
10/6/04,244.19
10/5/04,244.39
10/4/04,244.18
10/1/04,241.85
9/30/04,237.74
9/29/04,239.34
9/28/04,238.51
9/27/04,237.37
9/24/04,238.94
9/23/04,238.22
9/22/04,240.01
9/21/04,241.37
9/20/04,240.26
9/17/04,241.11
9/16/04,239.75
9/15/04,238.7
9/14/04,239.18
9/13/04,240
9/10/04,237.95
9/9/04,237.14
9/8/04,238.6
9/7/04,238.67
9/6/04,238.79
9/3/04,237.95
9/2/04,236.11
9/1/04,235.21
8/31/04,233.63
8/30/04,235.89
8/27/04,236.24
8/26/04,234.45
8/25/04,232.56
8/24/04,231.88
8/23/04,232.17
8/20/04,229.09
8/19/04,229.66
8/18/04,229.16
8/17/04,229.06
8/16/04,228.74
8/13/04,226.57
8/12/04,227.35
8/11/04,227.77
8/10/04,229.4
8/9/04,228.01
8/6/04,229.97
8/5/04,235.29
8/4/04,234.9
8/3/04,236.81
8/2/04,236.14
7/30/04,236.4
7/29/04,236.09
7/28/04,233.45
7/27/04,232.67
7/26/04,230.71
7/23/04,232.8
7/22/04,232.2
7/21/04,235.81
7/20/04,233.53
7/19/04,233.14
7/16/04,234.32
7/15/04,233.8
7/14/04,236.23
7/13/04,236.7
7/12/04,236.33
7/9/04,237.32
7/8/04,237.44
7/7/04,236.74
7/6/04,237.08
7/5/04,238.3
7/2/04,238.44
7/1/04,240.08
6/30/04,240.86
6/29/04,242.48
6/28/04,243.6
6/25/04,242.04
6/24/04,242.01
6/23/04,241.02
6/22/04,240.19
6/21/04,242.71
6/18/04,243
6/17/04,242.73
6/16/04,242.35
6/15/04,239.96
6/14/04,238.2
6/11/04,241.65
6/10/04,241.94
6/9/04,241.58
6/8/04,241.46
6/7/04,240.8
6/4/04,239.17
6/3/04,237.46
6/2/04,236.61
6/1/04,235.75
5/31/04,237.35
5/28/04,236.93
5/27/04,237.72
5/26/04,236.51
5/25/04,234.42
5/24/04,235.73
5/21/04,234.49
5/20/04,234.67
5/19/04,236.15
5/18/04,232.29
5/17/04,230.6
5/14/04,234.04
5/13/04,235.53
5/12/04,233.13
5/11/04,235.53
5/10/04,232.99
5/7/04,239.35
5/6/04,239.2
5/5/04,242.39
5/4/04,241.34
5/3/04,240.39
4/30/04,239.05
4/29/04,241.25
4/28/04,243.38
4/27/04,246.92
4/26/04,247.07
4/23/04,246.19
4/22/04,245.13
4/21/04,243.73
4/20/04,246.19
4/19/04,244.49
4/16/04,243.98
4/15/04,242.61
4/14/04,242.79
4/13/04,246.57
4/8/04,244.49
4/7/04,243.38
4/6/04,243.8
4/5/04,245
4/2/04,243.34
4/1/04,239.33
3/31/04,236.59
3/30/04,237.21
3/29/04,237.29
3/26/04,234.69
3/25/04,234.26
3/24/04,231.29
3/23/04,231.82
3/22/04,231.03
3/19/04,235.54
3/18/04,234.31
3/17/04,238.2
3/16/04,234.63
3/15/04,233.48
3/12/04,237.97
3/11/04,237.31
3/10/04,243.81
3/9/04,244.49
3/8/04,247.05
3/5/04,246.12
3/4/04,247.07
3/3/04,245.81
3/2/04,246.6
3/1/04,245.13
2/27/04,242.59
2/26/04,242.75
2/25/04,242.45
2/24/04,241.26
2/23/04,243.66
2/20/04,243.23
2/19/04,244.68
2/18/04,241.55
2/17/04,241.64
2/16/04,239.5
2/13/04,238.79
2/12/04,239.26
2/11/04,239.5
2/10/04,238.98
2/9/04,238.85
2/6/04,235.86
2/5/04,234.58
2/4/04,234.92
2/3/04,235.6
2/2/04,236.17
1/30/04,235.81
1/29/04,236.95
1/28/04,238.75
1/27/04,237.58
1/26/04,237.22
1/23/04,237.89
1/22/04,238.32
1/21/04,238.26
1/20/04,237.15
1/19/04,238.36
1/16/04,237.78
1/15/04,235.23
1/14/04,235.12
1/13/04,232.99
1/12/04,232.56
1/9/04,232.83
1/8/04,234.01
1/7/04,231.71
1/6/04,232.83
1/5/04,232.92
1/2/04,231.75
12/31/03,229.31
12/30/03,228.98
12/29/03,228.18
12/24/03,227.49
12/23/03,227.03
12/22/03,225.89
12/19/03,226.79
12/18/03,226.22
12/17/03,224.1
12/16/03,223.96
12/15/03,225.05
12/12/03,224.67
12/11/03,224.96
12/10/03,223.67
12/9/03,225.49
12/8/03,223.86
12/5/03,224.89
12/4/03,226.44
12/3/03,226.75
12/2/03,225.61
12/1/03,226.79
11/28/03,223.3
11/27/03,224.3
11/26/03,223.22
11/25/03,224.14
11/24/03,224.02
11/21/03,219.76
11/20/03,219.16
11/19/03,219.6
11/18/03,220.96
11/17/03,221.17
11/14/03,225.28
11/13/03,224.33
11/12/03,223.72
11/11/03,223.06
11/10/03,224.11
11/7/03,225.97
11/6/03,223.78
11/5/03,222.75
11/4/03,224.02
11/3/03,225
10/31/03,221.53
10/30/03,221.44
10/29/03,219.72
10/28/03,218.93
10/27/03,216.61
10/24/03,214.66
10/23/03,215.02
10/22/03,216.59
10/21/03,220.31
10/20/03,220.04
10/17/03,220.13
10/16/03,220.7
10/15/03,221.37
10/14/03,219.23
10/13/03,219.88
10/10/03,216.07
10/9/03,217.34
10/8/03,213.19
10/7/03,213.2
10/6/03,215
10/3/03,216.13
10/2/03,210.91
10/1/03,209.76
9/30/03,206.86
9/29/03,210.45
9/26/03,211.67
9/25/03,213.21
9/24/03,214.77
9/23/03,214.83
9/22/03,215.61
9/19/03,219.39
9/18/03,221.44
9/17/03,219.74
9/16/03,219.13
9/15/03,216.76
9/12/03,216
9/11/03,217.29
9/10/03,216.72
9/9/03,218.47
9/8/03,221.42
9/5/03,220.17
9/4/03,221.59
9/3/03,222.15
9/2/03,218.66
9/1/03,217.68
8/29/03,214.7
8/28/03,216.99
8/27/03,216.17
8/26/03,214.64
8/25/03,216.53
8/22/03,218.15
8/21/03,217.46
8/20/03,215.26
8/19/03,216
8/18/03,215.64
8/15/03,213.52
8/14/03,213.13
8/13/03,210.3
8/12/03,209.93
8/11/03,208.58
8/8/03,208
8/7/03,206.27
8/6/03,205.68
8/5/03,208.6
8/4/03,207.13
8/1/03,208.77
7/31/03,211.11
7/30/03,208.75
7/29/03,207.42
7/28/03,208.19
7/25/03,205.79
7/24/03,207.47
7/23/03,203.93
7/22/03,204.33
7/21/03,203.45
7/18/03,205.16
7/17/03,205.17
7/16/03,207.02
7/15/03,208.15
7/14/03,209.49
7/11/03,206.65
7/10/03,204.29
7/9/03,206.25
7/8/03,207.78
7/7/03,208.14
7/4/03,203.26
7/3/03,203.79
7/2/03,202.5
7/1/03,198.87
6/30/03,202.94
6/27/03,204.94
6/26/03,204.85
6/25/03,204.99
6/24/03,204.38
6/23/03,205.32
6/20/03,208.71
6/19/03,207.12
6/18/03,210.57
6/17/03,209.06
6/16/03,206.94
6/13/03,203.6
6/12/03,206.59
6/11/03,205.32
6/10/03,202.84
6/9/03,201.79
6/6/03,204.41
6/5/03,199.82
6/4/03,200.92
6/3/03,198.78
6/2/03,200.41
5/30/03,196.54
5/29/03,196.23
5/28/03,195.91
5/27/03,191.67
5/26/03,190.54
5/23/03,191.27
5/22/03,192.75
5/21/03,190.11
5/20/03,192.01
5/19/03,191.17
5/16/03,197.51
5/15/03,197.4
5/14/03,194.52
5/13/03,194.32
5/12/03,193.52
5/9/03,193.64
5/8/03,191.88
5/7/03,196.94
5/6/03,198.92
5/5/03,196.21
5/2/03,195.16
5/1/03,194.13
4/30/03,194.88
4/29/03,195.08
4/28/03,196.14
4/25/03,191.62
4/24/03,194.02
4/23/03,197.29
4/22/03,194.6
4/17/03,193.71
4/16/03,192.45
4/15/03,194.52
4/14/03,191.45
4/11/03,189.63
4/10/03,188.17
4/9/03,191.38
4/8/03,191.68
4/7/03,194.79
4/4/03,188.31
4/3/03,186.35
4/2/03,184.46
4/1/03,178.92
3/31/03,176.41
3/28/03,182.71
3/27/03,183.33
3/26/03,186.64
3/25/03,186.74
3/24/03,184.47
3/21/03,192.45
3/20/03,186.35
3/19/03,187.26
3/18/03,184.94
3/17/03,184.29
3/14/03,178.72
3/13/03,171.96
3/12/03,162.59
3/11/03,168
3/10/03,167.86
3/7/03,171.77
3/6/03,175.27
3/5/03,176.85
3/4/03,178.5
3/3/03,182.08
2/28/03,181.75
2/27/03,178.84
2/26/03,177.4
2/25/03,178.96
2/24/03,184.18
2/21/03,186.06
2/20/03,184.79
2/19/03,186.07
2/18/03,190.45
2/17/03,188.6
2/14/03,185.29
2/13/03,182.4
2/12/03,183.65
2/11/03,186.93
2/10/03,182.92
2/7/03,183.77
2/6/03,185.43
2/5/03,189.75
2/4/03,186.14
2/3/03,192.12
1/31/03,189
1/30/03,188.75
1/29/03,184.35
1/28/03,183.67
1/27/03,183.34
1/24/03,189.62
1/23/03,191.42
1/22/03,192.85
1/21/03,196.28
1/20/03,198.3
1/17/03,200.93
1/16/03,205.61
1/15/03,205.76
1/14/03,208.58
1/13/03,207.62
1/10/03,207.82
1/9/03,207.48
1/8/03,206.33
1/7/03,209.32
1/6/03,210.8
1/3/03,210.38
1/2/03,209.29
12/31/02,203.25
12/30/02,201.72
12/27/02,199.83
12/24/02,206.3
12/23/02,206.13
12/20/02,205.67
12/19/02,203.81
12/18/02,204.46
12/17/02,208.28
12/16/02,211.18
12/13/02,205.63
12/12/02,208.34
12/11/02,211.68
12/10/02,209.38
12/9/02,208.89
12/6/02,213.21
12/5/02,214.41
12/4/02,216.49
12/3/02,217.9
12/2/02,222.45
11/29/02,222.47
11/28/02,222.89
11/27/02,221.42
11/26/02,216.26
11/25/02,220.85
11/22/02,222.3
11/21/02,221.84
11/20/02,215.17
11/19/02,215.58
11/18/02,216.72
11/15/02,214.59
11/14/02,213.49
11/13/02,209.65
11/12/02,211.32
11/11/02,208.55
11/8/02,209.88
11/7/02,212.21
11/6/02,216.18
11/5/02,218.39
11/4/02,217.63
11/1/02,210.47
10/31/02,213.01
10/30/02,210.09
10/29/02,205.14
10/28/02,213.56
10/25/02,211.07
10/24/02,212.33
10/23/02,207.22
10/22/02,213.36
10/21/02,215.31
10/18/02,215.06
10/17/02,216.17
10/16/02,209.3
10/15/02,212.41
10/14/02,200.76
10/11/02,202.72
10/10/02,193.44
10/9/02,189.34
10/8/02,190.84
10/7/02,193.75
10/4/02,196.44
10/3/02,200.32
10/2/02,203.1
10/1/02,197.54
9/30/02,194.76
9/27/02,204.19
9/26/02,204.01
9/25/02,195.43
9/24/02,192.33
9/23/02,195.39
9/20/02,202.26
9/19/02,201.58
9/18/02,205.48
9/17/02,213.12
9/16/02,214.83
9/13/02,215.08
9/12/02,219.11
9/11/02,226.99
9/10/02,222.93
9/9/02,217.4
9/6/02,220.22
9/5/02,213.75
9/4/02,215.12
9/3/02,213.87
9/2/02,222.75
8/30/02,226.82
8/29/02,224.55
8/28/02,228.35
8/27/02,236.86
8/26/02,232.79
8/23/02,234.58
8/22/02,237.64
8/21/02,233.13
8/20/02,231.01
8/19/02,234.31
8/16/02,227.94
8/15/02,226.97
8/14/02,220.52
8/13/02,225.66
8/12/02,223.46
8/9/02,228.56
8/8/02,225.53
8/7/02,217.33
8/6/02,219.85
8/5/02,211.38
8/2/02,217.82
8/1/02,218.16
7/31/02,227.63
7/30/02,226.1
7/29/02,227.24
7/26/02,215.1
7/25/02,212.94
7/24/02,205.39
7/23/02,208.8
7/22/02,212.63
7/19/02,222.54
7/18/02,233.16
7/17/02,229.84
7/16/02,222.61
7/15/02,223.04
7/12/02,234.86
7/11/02,235.02
7/10/02,243.36
7/9/02,250.77
7/8/02,253.72
7/5/02,254.82
7/4/02,245.5
7/3/02,240.75
7/2/02,247.7
7/1/02,254.86
6/28/02,254.04
6/27/02,246.44
6/26/02,243.66
6/25/02,248.47
6/24/02,243.26
6/21/02,249.15
6/20/02,250.14
6/19/02,255.63
6/18/02,259.93
6/17/02,261.54
6/14/02,253.3
6/13/02,259.87
6/12/02,262.94
6/11/02,268.74
6/10/02,266.18
6/7/02,265.62
6/6/02,269.03
6/5/02,270.24
6/4/02,271.82
6/3/02,277
5/31/02,279.03
5/30/02,276.59
5/29/02,280.22
5/28/02,281.3
5/27/02,284.4
5/24/02,284.28
5/23/02,283.98
5/22/02,283.35
5/21/02,287.48
5/20/02,287.58
5/17/02,289.26
5/16/02,291.62
5/15/02,292.89
5/14/02,291.78
5/13/02,288.02
5/10/02,285.84
5/9/02,289
5/8/02,289.97
5/7/02,283.86
5/6/02,286.92
5/3/02,287.54
5/2/02,289.95
5/1/02,#N/A N/A
4/30/02,290.64
4/29/02,288.99
4/26/02,289.88
4/25/02,291.42
4/24/02,294.43
4/23/02,295.65
4/22/02,296.55
4/19/02,298.54
4/18/02,298.26
4/17/02,300.25
4/16/02,300.36
4/15/02,295.78
4/12/02,293.8
4/11/02,292.32
4/10/02,297.11
4/9/02,294.64
4/8/02,294.29
4/5/02,298
4/4/02,298
4/3/02,300.79
4/2/02,301.24
3/28/02,303.04
3/27/02,299.52
3/26/02,298.77
3/25/02,298.25
3/22/02,300.32
3/21/02,298.67
3/20/02,299.45
3/19/02,302.28
3/18/02,301.39
3/15/02,299.74
3/14/02,297.25
3/13/02,297.29
3/12/02,297.36
3/11/02,299.54
3/8/02,301.36
3/7/02,299.35
3/6/02,297.71
3/5/02,297.35
3/4/02,298.64
3/1/02,292.94
2/28/02,289.84
2/27/02,290.87
2/26/02,286.87
2/25/02,284.86
2/22/02,280.89
2/21/02,283.65
2/20/02,280.85
2/19/02,282.65
2/18/02,288
2/15/02,289.7
2/14/02,291.7
2/13/02,288.88
2/12/02,286.84
2/11/02,286.94
2/8/02,284.34
2/7/02,284.74
2/6/02,282.33
2/5/02,285.21
2/4/02,289.99
2/1/02,293.46
1/31/02,292.45
1/30/02,288.71
1/29/02,291.96
1/28/02,296.12
1/25/02,293.51
1/24/02,294.55
1/23/02,291.04
1/22/02,288.61
1/21/02,288.63
1/18/02,290.25
1/17/02,291.26
1/16/02,287.93
1/15/02,290.92
1/14/02,288.17
1/11/02,294.61
1/10/02,292.6
1/9/02,295.24
1/8/02,295.36
1/7/02,297.77
1/4/02,300.57
1/3/02,299.09
1/2/02,293.69
1/1/02,#N/A N/A
12/31/01,#N/A N/A
12/28/01,298.73
12/27/01,297.11
12/24/01,291.9
12/21/01,291.39
12/20/01,286.07
12/19/01,287.69
12/18/01,290.24
12/17/01,290.35
12/14/01,283.72
12/13/01,286.16
12/12/01,290.5
12/11/01,293.65
12/10/01,293.58
12/7/01,298.07
12/6/01,300.62
12/5/01,299.81
12/4/01,291.42
12/3/01,287.87
11/30/01,288.95
11/29/01,289.2
11/28/01,289.52
11/27/01,293.29
11/26/01,296.76
11/23/01,296.74
11/22/01,298.23
11/21/01,296.14
11/20/01,296.24
11/19/01,299.74
11/16/01,296.91
11/15/01,294.9
11/14/01,294.09
11/13/01,294.61
11/12/01,285.04
11/9/01,291.34
11/8/01,294.15
11/7/01,289.15
11/6/01,286.77
11/5/01,286.93
11/2/01,280.35
11/1/01,279.06
10/31/01,277.41
10/30/01,273.26
10/29/01,279.78
10/26/01,285.69
10/25/01,279.22
10/24/01,284.23
10/23/01,283.73
10/22/01,276.67
10/19/01,273.11
10/18/01,277.26
10/17/01,281.88
10/16/01,275.4
10/15/01,272.85
10/12/01,278.26
10/11/01,280.19
10/10/01,276.02
10/9/01,269.32
10/8/01,269.96
10/5/01,270.51
10/4/01,271.67
10/3/01,263.37
10/2/01,261.61
10/1/01,259.89
9/28/01,266.29
9/27/01,257.71
9/26/01,254.23
9/25/01,251.1
9/24/01,248.1
9/21/01,235.9
9/20/01,242.33
9/19/01,252.07
9/18/01,258.35
9/17/01,260.79
9/14/01,255.18
9/13/01,268.68
9/12/01,266.37
9/11/01,261.5
9/10/01,278.82
9/7/01,281.17
9/6/01,288.57
9/5/01,295.65
9/4/01,299.69
9/3/01,294.71
8/31/01,297.66
8/30/01,296.61
8/29/01,302.51
8/28/01,303.17
8/27/01,305.98
8/24/01,305.61
8/23/01,300.98
8/22/01,300.5
8/21/01,301.6
8/20/01,298.01
8/17/01,297.92
8/16/01,302.28
8/15/01,305.73
8/14/01,308.22
8/13/01,304.38
8/10/01,303.19
8/9/01,305.44
8/8/01,311.48
8/7/01,315.38
8/6/01,314.87
8/3/01,315.16
8/2/01,317.92
8/1/01,317.89
7/31/01,316.95
7/30/01,313.68
7/27/01,310
7/26/01,304.6
7/25/01,302.24
7/24/01,306.54
7/23/01,311.2
7/20/01,310.5
7/19/01,313.41
7/18/01,308.37
7/17/01,311.92
7/16/01,315.06
7/13/01,317.17
7/12/01,315.46
7/11/01,310.78
7/10/01,315.49
7/9/01,317.86
7/6/01,318.37
7/5/01,325.27
7/4/01,327.16
7/3/01,328.92
7/2/01,333.79
6/29/01,329.35
6/28/01,326.41
6/27/01,321.67
6/26/01,320.81
6/25/01,325.95
6/22/01,326.2
6/21/01,325.67
6/20/01,325.37
6/19/01,326.52
6/18/01,324.92
6/15/01,327.89
6/14/01,330.07
6/13/01,335.07
6/12/01,332.54
6/11/01,338.97
6/8/01,341.76
6/7/01,342.98
6/6/01,343.39
6/5/01,345.84
6/4/01,343.02
6/1/01,341.57
5/31/01,341.97
5/30/01,340.83
5/29/01,344.79
5/28/01,346.41
5/25/01,346
5/24/01,347.71
5/23/01,347.89
5/22/01,350.74
5/21/01,347.72
5/18/01,346.09
5/17/01,342.71
5/16/01,339.51
5/15/01,339
5/14/01,335.39
5/11/01,340.96
5/10/01,342.56
5/9/01,336.54
5/8/01,338.26
5/7/01,338.17
5/4/01,336.17
5/3/01,333.51
5/2/01,339.31
5/1/01,#N/A N/A
4/30/01,342.02
4/27/01,338.71
4/26/01,333.33
4/25/01,331.64
4/24/01,332.3
4/23/01,330.91
4/20/01,333.21
4/19/01,336.2
4/18/01,336.7
4/17/01,329
4/12/01,329.75
4/11/01,330.68
4/10/01,329.27
4/9/01,321.42
4/6/01,316.68
4/5/01,317.69
4/4/01,311.17
4/3/01,310.13
4/2/01,320.15
3/30/01,321.7
3/29/01,320.12
3/28/01,319.63
3/27/01,323.74
3/26/01,317.01
3/23/01,307.14
3/22/01,300.64
3/21/01,313.05
3/20/01,318.3
3/19/01,314.19
3/16/01,316.83
3/15/01,324.61
3/14/01,318.95
3/13/01,324.34
3/12/01,327.42
3/9/01,334.74
3/8/01,338.6
3/7/01,339.87
3/6/01,339.99
3/5/01,335.87
3/2/01,332.38
3/1/01,332
2/28/01,335.02
2/27/01,336.81
2/26/01,336.24
2/23/01,333.86
2/22/01,340.06
2/21/01,340.91
2/20/01,343.62
2/19/01,345.83
2/16/01,347.37
2/15/01,354.68
2/14/01,350.09
2/13/01,354.13
2/12/01,352.65
2/9/01,350.29
2/8/01,355
2/7/01,354.23
2/6/01,358.6
2/5/01,356.55
2/2/01,356.86
2/1/01,358.62
1/31/01,362.33
1/30/01,361.48
1/29/01,362.47
1/26/01,361.36
1/25/01,361.97
1/24/01,360.58
1/23/01,356.87
1/22/01,357.17
1/19/01,357.19
1/18/01,357.99
1/17/01,359.48
1/16/01,351.04
1/15/01,355.98
1/12/01,353.85
1/11/01,352.12
1/10/01,348.83
1/9/01,350.77
1/8/01,353.65
1/5/01,355.1
1/4/01,356.54
1/3/01,351.38
1/2/01,354.83
12/29/00,359.79
12/28/00,361.01
12/27/00,358.51
12/22/00,353.12
12/21/00,353.07
12/20/00,356.72
12/19/00,367.87
12/18/00,364.58
12/15/00,361.67
12/14/00,368.4
12/13/00,375.57
12/12/00,376.37
12/11/00,378.35
12/8/00,371.38
12/7/00,368.63
12/6/00,369.38
12/5/00,371.68
12/4/00,362.46
12/1/00,366.97
11/30/00,363.25
11/29/00,370.32
11/28/00,371.72
11/27/00,377.47
11/24/00,375.94
11/23/00,371.31
11/22/00,371.83
11/21/00,377.39
11/20/00,374.71
11/17/00,380.39
11/16/00,381.52
11/15/00,382.84
11/14/00,380.91
11/13/00,372.33
11/10/00,377.68
11/9/00,381.96
11/8/00,385.63
11/7/00,386.85
11/6/00,385.99
11/3/00,386.52
11/2/00,386.45
11/1/00,387.66
10/31/00,388.03
10/30/00,385.29
10/27/00,384.55
10/26/00,381.35
10/25/00,384.83
10/24/00,388.14
10/23/00,380.49
10/20/00,377.5
10/19/00,375.27
10/18/00,367.21
10/17/00,369.69
10/16/00,373.41
10/13/00,370.85
10/12/00,368.23
10/11/00,365.75
10/10/00,373.3
10/9/00,372.6
10/6/00,380.45
10/5/00,382.57
10/4/00,380.59
10/3/00,382.54
10/2/00,379.92
9/29/00,377.44
9/28/00,376.84
9/27/00,378.07
9/26/00,376.63
9/25/00,379.84
9/22/00,376.19
9/21/00,377.03
9/20/00,382.08
9/19/00,386.97
9/18/00,386.75
9/15/00,388.39
9/14/00,392.06
9/13/00,388.63
9/12/00,393
9/11/00,394.85
9/8/00,395.47
9/7/00,401.2
9/6/00,401.29
9/5/00,402.11
9/4/00,404.28
9/1/00,400.84
8/31/00,394.96
8/30/00,391.62
8/29/00,392.01
8/28/00,392.99
8/25/00,391.71
8/24/00,390.13
8/23/00,392.04
8/22/00,392.53
8/21/00,391.63
8/18/00,391.05
8/17/00,390.75
8/16/00,392.71
8/15/00,391.31
8/14/00,392.09
8/11/00,389.28
8/10/00,388.62
8/9/00,389.9
8/8/00,386.29
8/7/00,385.44
8/4/00,382.47
8/3/00,378.9
8/2/00,383.57
8/1/00,382.92
7/31/00,382.63
7/28/00,379.86
7/27/00,381.95
7/26/00,386.6
7/25/00,387.75
7/24/00,389.24
7/21/00,389.02
7/20/00,394.31
7/19/00,391.48
7/18/00,391.32
7/17/00,394.5
7/14/00,391.77
7/13/00,390.68
7/12/00,388.68
7/11/00,385.82
7/10/00,385.83
7/7/00,386.85
7/6/00,380.61
7/5/00,379.73
7/4/00,381.85
7/3/00,381.87
6/30/00,376.74
6/29/00,372.78
6/28/00,381.5
6/27/00,380.92
6/26/00,383.2
6/23/00,383.43
6/22/00,383.98
6/21/00,384.95
6/20/00,388.1
6/19/00,384.62
6/16/00,385.49
6/15/00,387.84
6/14/00,389.3
6/13/00,385.53
6/12/00,386.6
6/9/00,386.76
6/8/00,386.25
6/7/00,386.31
6/6/00,388.91
6/5/00,391.39
6/2/00,394.83
6/1/00,385.55
5/31/00,380.24
5/30/00,379.08
5/29/00,373.55
5/26/00,369.86
5/25/00,374.1
5/24/00,366.48
5/23/00,370.71
5/22/00,368.67
5/19/00,375.78
5/18/00,387.38
5/17/00,387.48
5/16/00,393.18
5/15/00,384.55
5/12/00,389
5/11/00,384.56
5/10/00,378.6
5/9/00,386.37
5/8/00,392.92
5/5/00,395.34
5/4/00,394.74
5/3/00,395.5
5/2/00,400.66
5/1/00,#N/A N/A
4/28/00,392.62
4/27/00,385.97
4/26/00,388.67
4/25/00,385.04
4/20/00,381.36
4/19/00,378.87
4/18/00,372.92
4/17/00,368.15
4/14/00,374.04
4/13/00,384.95
4/12/00,384.96
4/11/00,384.96
4/10/00,392.88
4/7/00,393.39
4/6/00,388.15
4/5/00,377.52
4/4/00,387.35
4/3/00,386.99
3/31/00,394.1
3/30/00,391.66
3/29/00,403.06
3/28/00,403.56
3/27/00,402.37
3/24/00,402.36
3/23/00,394
3/22/00,396.33
3/21/00,395.56
3/20/00,397.39
3/17/00,393.74
3/16/00,390.38
3/15/00,385.36
3/14/00,393.57
3/13/00,392.86
3/10/00,402.26
3/9/00,399.08
3/8/00,398.35
3/7/00,402.62
3/6/00,405.5
3/3/00,402.57
3/2/00,398.98
3/1/00,391.03
2/29/00,386.01
2/28/00,381.51
2/25/00,385.34
2/24/00,377.77
2/23/00,376.98
2/22/00,371.76
2/21/00,374.48
2/18/00,378.76
2/17/00,379.95
2/16/00,376.12
2/15/00,371.3
2/14/00,379.14
2/11/00,381.41
2/10/00,381.61
2/9/00,382.35
2/8/00,382.38
2/7/00,374.2
2/4/00,377.37
2/3/00,376.29
2/2/00,371.34
2/1/00,366.71
1/31/00,360.93
1/28/00,368.38
1/27/00,369.06
1/26/00,364.28
1/25/00,360.18
1/24/00,366.45
1/21/00,364.63
1/20/00,365.64
1/19/00,366.58
1/18/00,368.3
1/17/00,376.21
1/14/00,373.63
1/13/00,364.83
1/12/00,362.92
1/11/00,362.93
1/10/00,365.39
1/7/00,359.75
1/6/00,352.21
1/5/00,353.74
1/4/00,362.7
1/3/00,377.69
12/30/99,379.49
12/29/99,374.37
12/28/99,372.34
12/27/99,370.89
12/24/99,369.61
12/23/99,367.59
12/22/99,362.31
12/21/99,358.66
12/20/99,359.92
12/17/99,357.5
12/16/99,354.61
12/15/99,352.99
12/14/99,356.24
12/13/99,355.11
12/10/99,353.54
12/9/99,353.95
12/8/99,351.79
12/7/99,352.5
12/6/99,351.15
12/3/99,353.24
12/2/99,346.24
12/1/99,345.09
11/30/99,342.13
11/29/99,345.71
11/26/99,345.1
11/25/99,343.86
11/24/99,336.89
11/23/99,336.26
11/22/99,334.04
11/19/99,337.58
11/18/99,338.79
11/17/99,335.73
11/16/99,336.02
11/15/99,334.63
11/12/99,331.34
11/11/99,331.75
11/10/99,327.47
11/9/99,325.9
11/8/99,324.19